field.latitude,field.longitude,field.twist.twist.linear.x,field.twist.twist.linear.y,field.twist.covariance0,field.twist.covariance0,,,,%time 
47.1160286,-88.5501943,-0.262,-0.066,0.009216,0.009216,,,,1.76E+18
47.1160286,-88.5501941,0.106,0.025,0.008836,0.008836,,,,1.76E+18
47.1160286,-88.5501941,-0.109,0.004,0.008281,0.008281,,,,1.76E+18
47.1160286,-88.5501941,0.009,0.155,0.013456,0.013456,,,,1.76E+18
47.1160284,-88.550194,0.023,-0.215,0.014884,0.014884,,,,1.76E+18
47.1160285,-88.550194,-0.09,0.102,0.012769,0.012769,,,,1.76E+18
47.1160283,-88.550194,-0.083,-0.16,0.011236,0.011236,,,,1.76E+18
47.1160284,-88.550194,0.09,-0.057,0.012769,0.012769,,,,1.76E+18
47.1160283,-88.550194,0.013,-0.116,0.014884,0.014884,,,,1.76E+18
47.1160283,-88.5501939,-0.025,0.138,0.014641,0.014641,,,,1.76E+18
47.1160283,-88.5501939,-0.001,-0.042,0.011664,0.011664,,,,1.76E+18
47.1160283,-88.550194,-0.098,-0.038,0.007744,0.007744,,,,1.76E+18
47.1160282,-88.5501939,-0.024,-0.121,0.010816,0.010816,,,,1.76E+18
47.1160274,-88.5501936,0.155,-0.267,0.013225,0.013225,,,,1.76E+18
47.116027,-88.5501937,0.009,-0.456,0.012769,0.012769,,,,1.76E+18
47.1160268,-88.5501939,-0.033,-0.272,0.011881,0.011881,,,,1.76E+18
47.1160268,-88.5501941,0.005,-0.181,0.009025,0.009025,,,,1.76E+18
47.1160264,-88.5501941,0.038,-0.238,0.009216,0.009216,,,,1.76E+18
47.1160261,-88.5501941,-0.025,-0.182,0.008836,0.008836,,,,1.76E+18
47.116026,-88.5501941,0.019,-0.091,0.006889,0.006889,,,,1.76E+18
47.1160257,-88.5501941,-0.024,-0.162,0.007744,0.007744,,,,1.76E+18
47.1160254,-88.5501941,-0.035,-0.148,0.007744,0.007744,,,,1.76E+18
47.1160251,-88.5501941,0.038,-0.285,0.009801,0.009801,,,,1.76E+18
47.1160249,-88.550194,0.114,-0.17,0.009604,0.009604,,,,1.76E+18
47.1160247,-88.5501941,-0.024,-0.236,0.010404,0.010404,,,,1.76E+18
47.1160246,-88.550194,-0.053,-0.223,0.009801,0.009801,,,,1.76E+18
47.1160247,-88.550194,0.032,-0.042,0.007396,0.007396,,,,1.76E+18
47.1160247,-88.5501939,0.093,-0.037,0.005625,0.005625,,,,1.76E+18
47.1160247,-88.5501939,-0.017,-0.022,0.005929,0.005929,,,,1.76E+18
47.1160247,-88.5501939,-0.021,0.049,0.007569,0.007569,,,,1.76E+18
47.1160247,-88.550194,-0.082,-0.069,0.005329,0.005329,,,,1.76E+18
47.1160247,-88.550194,0.045,0.075,0.006084,0.006084,,,,1.76E+18
47.1160247,-88.550194,0.004,0.012,0.007569,0.007569,,,,1.76E+18
47.1160247,-88.550194,-0.035,-0.014,0.0036,0.0036,,,,1.76E+18
47.1160247,-88.5501939,0.047,-0.021,0.005776,0.005776,,,,1.76E+18
47.1160247,-88.550194,-0.043,-0.143,0.009216,0.009216,,,,1.76E+18
47.1160247,-88.550194,0.027,-0.004,0.004096,0.004096,,,,1.76E+18
47.1160246,-88.550194,-0.009,-0.096,0.009409,0.009409,,,,1.76E+18
47.1160245,-88.550194,0.008,-0.165,0.009409,0.009409,,,,1.76E+18
47.1160243,-88.5501941,-0.058,-0.173,0.007921,0.007921,,,,1.76E+18
47.1160242,-88.5501941,0.044,-0.133,0.008836,0.008836,,,,1.76E+18
47.1160241,-88.550194,0.043,-0.152,0.008281,0.008281,,,,1.76E+18
47.116024,-88.550194,-0.017,-0.074,0.005929,0.005929,,,,1.76E+18
47.116024,-88.550194,0.009,-0.034,0.005625,0.005625,,,,1.76E+18
47.1160241,-88.550194,0.01,-0.017,0.0049,0.0049,,,,1.76E+18
47.1160239,-88.550194,-0.038,-0.051,0.005625,0.005625,,,,1.76E+18
47.1160239,-88.5501939,0.071,0.005,0.003481,0.003481,,,,1.76E+18
47.1160239,-88.5501939,-0.028,0.008,0.003364,0.003364,,,,1.76E+18
47.1160239,-88.5501939,-0.006,0.01,0.004096,0.004096,,,,1.76E+18
47.1160238,-88.550194,-0.016,-0.018,0.005041,0.005041,,,,1.76E+18
47.1160239,-88.5501939,0.042,0.015,0.004096,0.004096,,,,1.76E+18
47.1160238,-88.5501939,-0.006,0,0.007225,0.007225,,,,1.76E+18
47.1160238,-88.5501939,-0.021,-0.005,0.0036,0.0036,,,,1.76E+18
47.1160239,-88.5501939,0.002,0.054,0.010609,0.010609,,,,1.76E+18
47.1160239,-88.550194,-0.018,0.034,0.01,0.01,,,,1.76E+18
47.1160238,-88.5501939,0.029,0.012,0.003721,0.003721,,,,1.76E+18
47.1160238,-88.5501939,0.053,0.021,0.003721,0.003721,,,,1.76E+18
47.1160238,-88.5501939,-0.028,-0.057,0.007744,0.007744,,,,1.76E+18
47.1160237,-88.5501939,-0.002,-0.044,0.009604,0.009604,,,,1.76E+18
47.1160237,-88.5501939,0.015,0.033,0.006889,0.006889,,,,1.76E+18
47.1160237,-88.5501939,-0.029,0.011,0.004356,0.004356,,,,1.76E+18
47.1160237,-88.5501939,0.055,-0.006,0.003969,0.003969,,,,1.76E+18
47.1160237,-88.5501938,0.012,-0.053,0.009801,0.009801,,,,1.76E+18
47.1160237,-88.5501939,-0.045,0.027,0.005625,0.005625,,,,1.76E+18
47.1160236,-88.5501939,-0.041,-0.023,0.003721,0.003721,,,,1.76E+18
47.1160236,-88.5501939,0.001,0.006,0.005625,0.005625,,,,1.76E+18
47.1160236,-88.5501939,0.015,-0.019,0.008281,0.008281,,,,1.76E+18
47.1160235,-88.550194,-0.06,-0.027,0.003721,0.003721,,,,1.76E+18
47.1160235,-88.550194,0.01,-0.012,0.005476,0.005476,,,,1.76E+18
47.1160235,-88.5501941,-0.099,0.054,0.005625,0.005625,,,,1.76E+18
47.1160235,-88.5501941,0.014,0.002,0.004225,0.004225,,,,1.76E+18
47.1160235,-88.5501941,0.032,0.005,0.004225,0.004225,,,,1.76E+18
47.1160235,-88.5501941,-0.031,-0.006,0.0036,0.0036,,,,1.76E+18
47.1160235,-88.5501941,0.046,0.03,0.004356,0.004356,,,,1.76E+18
47.1160235,-88.5501941,-0.001,-0.039,0.010201,0.010201,,,,1.76E+18
47.1160235,-88.550194,0,-0.002,0.010404,0.010404,,,,1.76E+18
47.1160235,-88.550194,-0.024,-0.025,0.006561,0.006561,,,,1.76E+18
47.1160235,-88.550194,0.019,0.057,0.009025,0.009025,,,,1.76E+18
47.1160236,-88.5501939,0.015,0.022,0.005929,0.005929,,,,1.76E+18
47.1160236,-88.5501939,-0.012,0.036,0.009604,0.009604,,,,1.76E+18
47.1160236,-88.550194,-0.018,-0.024,0.005476,0.005476,,,,1.76E+18
47.1160236,-88.5501939,0.015,0.023,0.0064,0.0064,,,,1.76E+18
47.1160236,-88.550194,-0.033,0.017,0.006241,0.006241,,,,1.76E+18
47.1160236,-88.550194,0.015,0.01,0.004624,0.004624,,,,1.76E+18
47.1160236,-88.5501939,0.032,0.022,0.004761,0.004761,,,,1.76E+18
47.1160236,-88.5501939,-0.032,-0.009,0.003721,0.003721,,,,1.76E+18
47.1160235,-88.550194,-0.007,-0.049,0.009604,0.009604,,,,1.76E+18
47.1160234,-88.550194,-0.019,-0.008,0.004096,0.004096,,,,1.76E+18
47.1160234,-88.5501939,0.052,-0.007,0.004356,0.004356,,,,1.76E+18
47.1160234,-88.5501939,0.01,-0.047,0.010816,0.010816,,,,1.76E+18
47.1160234,-88.5501939,0.032,-0.034,0.009801,0.009801,,,,1.76E+18
47.1160233,-88.5501939,0.021,-0.075,0.011025,0.011025,,,,1.76E+18
47.1160234,-88.5501939,-0.031,0.015,0.005476,0.005476,,,,1.76E+18
47.1160233,-88.5501939,0.049,-0.063,0.008836,0.008836,,,,1.76E+18
47.1160233,-88.5501939,-0.024,0.019,0.006241,0.006241,,,,1.76E+18
47.1160234,-88.5501938,0.063,-0.033,0.006889,0.006889,,,,1.76E+18
47.1160234,-88.5501938,-0.019,0.017,0.007225,0.007225,,,,1.76E+18
47.1160234,-88.5501939,-0.001,-0.001,0.007921,0.007921,,,,1.76E+18
47.1160234,-88.5501939,0.006,-0.027,0.008836,0.008836,,,,1.76E+18
47.1160234,-88.5501938,0.008,-0.022,0.007921,0.007921,,,,1.76E+18
47.1160234,-88.5501938,-0.005,-0.021,0.0081,0.0081,,,,1.76E+18
47.1160233,-88.5501938,0.021,-0.05,0.009409,0.009409,,,,1.76E+18
47.1160234,-88.5501938,-0.009,0.034,0.01,0.01,,,,1.76E+18
47.1160234,-88.5501938,0.016,-0.004,0.004624,0.004624,,,,1.76E+18
47.1160234,-88.5501938,-0.003,-0.013,0.008836,0.008836,,,,1.76E+18
47.1160234,-88.5501939,-0.008,0.007,0.007569,0.007569,,,,1.76E+18
47.1160234,-88.5501938,0.034,0.049,0.006241,0.006241,,,,1.76E+18
47.1160234,-88.5501938,-0.006,-0.01,0.006084,0.006084,,,,1.76E+18
47.1160234,-88.5501938,0.023,-0.008,0.005476,0.005476,,,,1.76E+18
47.1160234,-88.5501938,-0.012,0.006,0.005041,0.005041,,,,1.76E+18
47.1160234,-88.5501938,0.038,-0.02,0.006084,0.006084,,,,1.76E+18
47.1160234,-88.5501939,-0.018,0.017,0.007744,0.007744,,,,1.76E+18
47.1160234,-88.5501938,0.005,-0.011,0.009604,0.009604,,,,1.76E+18
47.1160234,-88.5501938,0.006,0.014,0.007396,0.007396,,,,1.76E+18
47.1160234,-88.5501939,-0.015,-0.007,0.003969,0.003969,,,,1.76E+18
47.1160234,-88.5501938,0.013,-0.005,0.0049,0.0049,,,,1.76E+18
47.1160234,-88.5501938,0.013,0.018,0.006241,0.006241,,,,1.76E+18
47.1160234,-88.5501938,-0.031,0.01,0.005184,0.005184,,,,1.76E+18
47.1160234,-88.5501939,-0.009,0.01,0.008649,0.008649,,,,1.76E+18
47.1160234,-88.5501938,0.002,0.011,0.009025,0.009025,,,,1.76E+18
47.1160234,-88.5501938,-0.017,-0.009,0.003969,0.003969,,,,1.76E+18
47.1160234,-88.5501938,0.01,-0.001,0.003721,0.003721,,,,1.76E+18
47.1160234,-88.5501938,-0.011,0.009,0.006889,0.006889,,,,1.76E+18
47.1160235,-88.5501938,-0.004,0.033,0.010816,0.010816,,,,1.76E+18
47.1160234,-88.5501938,0.005,0.005,0.007225,0.007225,,,,1.76E+18
47.1160234,-88.5501938,-0.002,0.014,0.009409,0.009409,,,,1.76E+18
47.1160234,-88.5501938,0.003,-0.009,0.007056,0.007056,,,,1.76E+18
47.1160234,-88.5501938,-0.01,-0.009,0.005329,0.005329,,,,1.76E+18
47.1160234,-88.5501938,0.001,-0.009,0.006561,0.006561,,,,1.76E+18
47.1160234,-88.5501938,0.007,0.021,0.0081,0.0081,,,,1.76E+18
47.1160234,-88.5501938,0.008,-0.042,0.009604,0.009604,,,,1.76E+18
47.1160234,-88.5501938,-0.028,0.009,0.004489,0.004489,,,,1.76E+18
47.1160234,-88.5501939,-0.031,0.007,0.005041,0.005041,,,,1.76E+18
47.1160234,-88.5501938,0.023,0.021,0.0049,0.0049,,,,1.76E+18
47.1160234,-88.5501938,0.007,-0.041,0.009409,0.009409,,,,1.76E+18
47.1160234,-88.5501938,0.005,-0.02,0.0081,0.0081,,,,1.76E+18
47.1160234,-88.5501938,-0.035,-0.019,0.004225,0.004225,,,,1.76E+18
47.1160234,-88.5501938,0.01,-0.002,0.0049,0.0049,,,,1.76E+18
47.1160234,-88.5501938,0.007,0.007,0.006241,0.006241,,,,1.76E+18
47.1160235,-88.5501938,-0.013,0.043,0.009801,0.009801,,,,1.76E+18
47.1160235,-88.5501938,0.01,0.011,0.005625,0.005625,,,,1.76E+18
47.1160235,-88.5501938,-0.012,0.019,0.009216,0.009216,,,,1.76E+18
47.1160235,-88.5501938,-0.01,-0.001,0.003844,0.003844,,,,1.76E+18
47.1160235,-88.5501938,0.008,-0.019,0.009604,0.009604,,,,1.76E+18
47.1160235,-88.5501938,-0.025,-0.003,0.003844,0.003844,,,,1.76E+18
47.1160235,-88.5501938,0.002,-0.033,0.009216,0.009216,,,,1.76E+18
47.1160235,-88.5501938,-0.026,0.01,0.005476,0.005476,,,,1.76E+18
47.1160234,-88.5501938,0.014,-0.043,0.009409,0.009409,,,,1.76E+18
47.1160234,-88.5501938,0.001,-0.003,0.01,0.01,,,,1.76E+18
47.1160234,-88.5501938,0.012,0.012,0.005625,0.005625,,,,1.76E+18
47.1160234,-88.5501938,0.003,0.006,0.008649,0.008649,,,,1.76E+18
47.1160234,-88.5501938,0.005,-0.001,0.009216,0.009216,,,,1.76E+18
47.1160234,-88.5501938,0.01,0.032,0.008464,0.008464,,,,1.76E+18
47.1160233,-88.5501938,-0.011,-0.044,0.009216,0.009216,,,,1.76E+18
47.1160233,-88.5501938,-0.005,-0.016,0.008836,0.008836,,,,1.76E+18
47.1160233,-88.5501938,-0.003,-0.008,0.007056,0.007056,,,,1.76E+18
47.1160233,-88.5501938,0.011,-0.036,0.01,0.01,,,,1.76E+18
47.1160233,-88.5501938,-0.016,0.04,0.009025,0.009025,,,,1.76E+18
47.1160233,-88.5501938,0.012,0.027,0.006889,0.006889,,,,1.76E+18
47.1160233,-88.5501939,-0.044,0.039,0.006724,0.006724,,,,1.76E+18
47.1160233,-88.5501939,-0.026,-0.051,0.007396,0.007396,,,,1.76E+18
47.1160233,-88.5501939,-0.001,-0.004,0.006241,0.006241,,,,1.76E+18
47.1160233,-88.5501939,-0.017,0.031,0.008464,0.008464,,,,1.76E+18
47.1160233,-88.5501939,-0.002,-0.105,0.008836,0.008836,,,,1.76E+18
47.1160233,-88.5501939,-0.05,-0.048,0.005625,0.005625,,,,1.76E+18
47.1160235,-88.5501938,0.027,0.151,0.008464,0.008464,,,,1.76E+18
47.1160234,-88.5501938,-0.002,-0.054,0.007744,0.007744,,,,1.76E+18
47.1160234,-88.5501938,-0.009,-0.018,0.005329,0.005329,,,,1.76E+18
47.1160234,-88.5501939,-0.012,0.024,0.007056,0.007056,,,,1.76E+18
47.1160234,-88.5501938,0.033,0.02,0.0036,0.0036,,,,1.76E+18
47.1160235,-88.5501938,0.012,0.061,0.005625,0.005625,,,,1.76E+18
47.1160235,-88.5501939,-0.027,0.019,0.006084,0.006084,,,,1.76E+18
47.1160234,-88.5501939,-0.024,0,0.004761,0.004761,,,,1.76E+18
47.1160234,-88.5501939,0.013,-0.016,0.007744,0.007744,,,,1.76E+18
47.1160233,-88.5501938,0.017,-0.136,0.008281,0.008281,,,,1.76E+18
47.1160233,-88.5501938,0.006,0.028,0.006241,0.006241,,,,1.76E+18
47.1160233,-88.5501938,-0.024,0.015,0.006889,0.006889,,,,1.76E+18
47.1160233,-88.5501938,0.018,0.009,0.003249,0.003249,,,,1.76E+18
47.1160233,-88.5501938,-0.032,-0.017,0.003249,0.003249,,,,1.76E+18
47.1160233,-88.5501938,0.055,-0.025,0.008464,0.008464,,,,1.76E+18
47.1160233,-88.5501939,-0.037,0.009,0.006724,0.006724,,,,1.76E+18
47.1160233,-88.5501939,0.021,0.009,0.003969,0.003969,,,,1.76E+18
47.1160233,-88.5501939,-0.014,0.018,0.008464,0.008464,,,,1.76E+18
47.1160233,-88.5501939,0.042,-0.038,0.009801,0.009801,,,,1.76E+18
47.1160233,-88.5501939,0.026,-0.005,0.006561,0.006561,,,,1.76E+18
47.1160233,-88.5501938,0,0.003,0.004624,0.004624,,,,1.76E+18
47.1160232,-88.5501939,-0.023,0.005,0.005776,0.005776,,,,1.76E+18
47.1160232,-88.5501939,-0.019,0.006,0.006241,0.006241,,,,1.76E+18
47.1160232,-88.5501938,0.034,-0.017,0.0081,0.0081,,,,1.76E+18
47.1160232,-88.5501938,-0.003,0.004,0.006241,0.006241,,,,1.76E+18
47.1160232,-88.5501939,0.007,0.003,0.0049,0.0049,,,,1.76E+18
47.1160232,-88.5501938,0.04,0.059,0.004225,0.004225,,,,1.76E+18
47.1160232,-88.5501939,-0.057,-0.009,0.004356,0.004356,,,,1.76E+18
47.1160233,-88.5501938,0.021,0,0.005476,0.005476,,,,1.76E+18
47.1160233,-88.5501938,0.003,0.032,0.007225,0.007225,,,,1.76E+18
47.1160233,-88.5501938,0.015,-0.039,0.01,0.01,,,,1.76E+18
47.1160233,-88.5501938,0.02,0.017,0.003481,0.003481,,,,1.76E+18
47.1160233,-88.5501938,-0.014,0.009,0.007921,0.007921,,,,1.76E+18
47.1160233,-88.5501938,-0.015,0.038,0.009801,0.009801,,,,1.76E+18
47.1160233,-88.5501939,-0.042,0.092,0.011025,0.011025,,,,1.76E+18
47.1160232,-88.5501938,0.081,-0.101,0.010404,0.010404,,,,1.76E+18
47.1160232,-88.5501937,0.035,-0.063,0.009025,0.009025,,,,1.76E+18
47.1160232,-88.5501936,0.086,-0.045,0.007569,0.007569,,,,1.76E+18
47.1160233,-88.5501936,-0.03,0.022,0.006561,0.006561,,,,1.76E+18
47.1160233,-88.5501937,-0.026,-0.022,0.004096,0.004096,,,,1.76E+18
47.1160234,-88.5501936,0.012,-0.013,0.006084,0.006084,,,,1.76E+18
47.1160234,-88.5501936,0.006,0.016,0.005184,0.005184,,,,1.76E+18
47.1160234,-88.5501937,-0.038,0.017,0.006724,0.006724,,,,1.76E+18
47.1160234,-88.5501937,0.01,0.02,0.005776,0.005776,,,,1.76E+18
47.1160234,-88.5501936,-0.001,0.036,0.009409,0.009409,,,,1.76E+18
47.1160235,-88.5501935,0.147,0.128,0.004489,0.004489,,,,1.76E+18
47.1160237,-88.5501934,0.129,0.122,0.004624,0.004624,,,,1.76E+18
47.1160237,-88.5501935,-0.117,0.093,0.008836,0.008836,,,,1.76E+18
47.116024,-88.5501935,0.096,0.247,0.006561,0.006561,,,,1.76E+18
47.1160243,-88.5501933,0.128,0.371,0.006889,0.006889,,,,1.76E+18
47.1160247,-88.5501933,0.099,0.413,0.006724,0.006724,,,,1.76E+18
47.1160252,-88.550193,0.428,0.497,0.005041,0.005041,,,,1.76E+18
47.116026,-88.5501929,0.206,0.782,0.009216,0.009216,,,,1.76E+18
47.1160267,-88.5501927,0.102,0.782,0.009801,0.009801,,,,1.76E+18
47.1160272,-88.5501926,0.08,0.604,0.008464,0.008464,,,,1.76E+18
47.116028,-88.5501925,-0.042,1.085,0.011236,0.011236,,,,1.76E+18
47.1160288,-88.5501925,-0.001,0.863,0.01,0.01,,,,1.76E+18
47.1160292,-88.5501923,0.128,0.454,0.008649,0.008649,,,,1.76E+18
47.1160296,-88.5501925,0.009,0.595,0.010404,0.010404,,,,1.76E+18
47.1160299,-88.5501924,0.082,0.349,0.009216,0.009216,,,,1.76E+18
47.1160301,-88.550192,0.338,0.147,0.006724,0.006724,,,,1.76E+18
47.11603,-88.5501916,0.274,-0.068,0.005184,0.005184,,,,1.76E+18
47.11603,-88.5501914,0.05,0.15,0.010201,0.010201,,,,1.76E+18
47.11603,-88.5501912,0.133,-0.034,0.006561,0.006561,,,,1.76E+18
47.1160299,-88.5501912,-0.01,-0.061,0.006561,0.006561,,,,1.76E+18
47.1160297,-88.5501912,0.037,-0.223,0.008836,0.008836,,,,1.76E+18
47.1160295,-88.550191,0.169,-0.239,0.008649,0.008649,,,,1.76E+18
47.1160292,-88.5501909,0.053,-0.284,0.007921,0.007921,,,,1.76E+18
47.116029,-88.5501908,0.096,-0.124,0.0064,0.0064,,,,1.76E+18
47.1160289,-88.5501907,0.084,-0.078,0.005625,0.005625,,,,1.76E+18
47.1160289,-88.5501906,0.105,-0.057,0.005476,0.005476,,,,1.76E+18
47.1160288,-88.5501903,0.208,-0.129,0.005776,0.005776,,,,1.76E+18
47.1160287,-88.5501901,0.157,-0.158,0.006084,0.006084,,,,1.76E+18
47.1160285,-88.5501898,0.213,-0.236,0.007225,0.007225,,,,1.76E+18
47.1160283,-88.5501898,0,-0.188,0.0064,0.0064,,,,1.76E+18
47.1160281,-88.5501897,0.047,-0.12,0.006724,0.006724,,,,1.76E+18
47.1160279,-88.5501895,0.101,-0.165,0.007396,0.007396,,,,1.76E+18
47.1160278,-88.5501894,0.105,-0.09,0.007569,0.007569,,,,1.76E+18
47.1160278,-88.5501892,0.122,-0.111,0.0081,0.0081,,,,1.76E+18
47.1160278,-88.5501892,0.027,-0.031,0.0064,0.0064,,,,1.76E+18
47.1160278,-88.550189,0.144,-0.045,0.007396,0.007396,,,,1.76E+18
47.1160278,-88.5501888,0.123,0.046,0.006561,0.006561,,,,1.76E+18
47.1160278,-88.5501891,-0.026,0.039,0.007569,0.007569,,,,1.76E+18
47.1160279,-88.5501891,0.079,0.094,0.006724,0.006724,,,,1.76E+18
47.1160281,-88.5501892,-0.006,0.196,0.0081,0.0081,,,,1.76E+18
47.1160282,-88.5501892,-0.064,0.303,0.010404,0.010404,,,,1.76E+18
47.1160283,-88.5501892,-0.031,0.036,0.008281,0.008281,,,,1.76E+18
47.1160283,-88.5501892,0.06,0.043,0.004489,0.004489,,,,1.76E+18
47.1160284,-88.5501891,-0.001,0.145,0.007921,0.007921,,,,1.76E+18
47.1160284,-88.5501891,0.044,0.068,0.004356,0.004356,,,,1.76E+18
47.1160285,-88.550189,0.001,0.077,0.006889,0.006889,,,,1.76E+18
47.1160285,-88.550189,-0.013,0.08,0.007569,0.007569,,,,1.76E+18
47.1160286,-88.5501891,-0.111,0.126,0.009216,0.009216,,,,1.76E+18
47.1160287,-88.5501891,-0.005,0.017,0.007225,0.007225,,,,1.76E+18
47.1160287,-88.5501892,-0.042,0.078,0.01,0.01,,,,1.76E+18
47.1160288,-88.5501892,-0.023,0.052,0.01,0.01,,,,1.76E+18
47.1160288,-88.5501892,-0.056,0.026,0.0064,0.0064,,,,1.76E+18
47.1160289,-88.5501893,-0.044,0.032,0.007056,0.007056,,,,1.76E+18
47.1160289,-88.5501893,0.003,0.012,0.005329,0.005329,,,,1.76E+18
47.1160289,-88.5501893,0.006,-0.019,0.009025,0.009025,,,,1.76E+18
47.1160288,-88.5501893,-0.002,-0.084,0.007921,0.007921,,,,1.76E+18
47.1160288,-88.5501893,-0.011,-0.034,0.006889,0.006889,,,,1.76E+18
47.1160288,-88.5501893,-0.042,-0.006,0.003249,0.003249,,,,1.76E+18
47.1160288,-88.5501893,0.022,0.064,0.006241,0.006241,,,,1.76E+18
47.1160289,-88.5501892,0.114,0.13,0.004356,0.004356,,,,1.76E+18
47.116029,-88.5501891,0.1,0.193,0.005776,0.005776,,,,1.76E+18
47.1160292,-88.550189,0.068,0.161,0.006561,0.006561,,,,1.76E+18
47.1160293,-88.5501889,0.054,0.142,0.0064,0.0064,,,,1.76E+18
47.1160294,-88.5501888,0.045,0.094,0.006561,0.006561,,,,1.76E+18
47.1160296,-88.5501887,0.022,0.103,0.006889,0.006889,,,,1.76E+18
47.1160296,-88.5501886,0.078,0.043,0.003481,0.003481,,,,1.76E+18
47.1160297,-88.5501886,0.084,0.08,0.003844,0.003844,,,,1.76E+18
47.1160298,-88.5501885,0.038,0.042,0.004225,0.004225,,,,1.76E+18
47.1160299,-88.5501885,0.023,0.088,0.006724,0.006724,,,,1.76E+18
47.1160299,-88.5501885,0.034,0.052,0.004624,0.004624,,,,1.76E+18
47.11603,-88.5501885,-0.007,0.076,0.0081,0.0081,,,,1.76E+18
47.11603,-88.5501884,0.018,0.048,0.005929,0.005929,,,,1.76E+18
47.1160301,-88.5501884,0.009,0.043,0.0064,0.0064,,,,1.76E+18
47.1160302,-88.5501883,0.07,0.096,0.004489,0.004489,,,,1.76E+18
47.1160305,-88.5501883,0.016,0.183,0.0081,0.0081,,,,1.76E+18
47.1160307,-88.5501883,0.009,0.234,0.007744,0.007744,,,,1.76E+18
47.1160309,-88.5501883,-0.002,0.168,0.0081,0.0081,,,,1.76E+18
47.116031,-88.5501884,-0.045,0.101,0.01,0.01,,,,1.76E+18
47.1160311,-88.5501885,-0.052,0.053,0.009409,0.009409,,,,1.76E+18
47.1160312,-88.5501884,0.049,0.048,0.003364,0.003364,,,,1.76E+18
47.1160312,-88.5501884,-0.02,0.014,0.006889,0.006889,,,,1.76E+18
47.1160312,-88.5501884,0.007,0.006,0.0036,0.0036,,,,1.76E+18
47.1160312,-88.5501884,-0.001,-0.008,0.006084,0.006084,,,,1.76E+18
47.1160312,-88.5501884,-0.006,0.013,0.007744,0.007744,,,,1.76E+18
47.1160312,-88.5501884,0.012,0.025,0.004356,0.004356,,,,1.76E+18
47.1160312,-88.5501884,0.003,-0.027,0.006724,0.006724,,,,1.76E+18
47.1160311,-88.5501884,-0.035,0.005,0.004624,0.004624,,,,1.76E+18
47.1160311,-88.5501883,0.03,-0.02,0.006561,0.006561,,,,1.76E+18
47.116031,-88.5501883,0.013,-0.019,0.008464,0.008464,,,,1.76E+18
47.116031,-88.5501883,0.007,0.024,0.005929,0.005929,,,,1.76E+18
47.116031,-88.5501883,-0.001,-0.016,0.0064,0.0064,,,,1.76E+18
47.116031,-88.5501883,0.007,-0.027,0.0081,0.0081,,,,1.76E+18
47.116031,-88.5501883,0.002,0.017,0.006889,0.006889,,,,1.76E+18
47.1160309,-88.5501883,0.008,-0.004,0.007569,0.007569,,,,1.76E+18
47.116031,-88.5501883,-0.01,0.023,0.007921,0.007921,,,,1.76E+18
47.1160312,-88.5501884,-0.066,0.33,0.007921,0.007921,,,,1.76E+18
47.1160318,-88.5501885,-0.119,0.598,0.008281,0.008281,,,,1.76E+18
47.1160324,-88.5501888,-0.209,0.659,0.008281,0.008281,,,,1.76E+18
47.1160333,-88.5501892,-0.288,0.902,0.009025,0.009025,,,,1.76E+18
47.1160343,-88.5501896,-0.32,1.025,0.009025,0.009025,,,,1.76E+18
47.1160354,-88.5501903,-0.529,1.139,0.008836,0.008836,,,,1.76E+18
47.1160365,-88.5501911,-0.538,1.197,0.008464,0.008464,,,,1.76E+18
47.1160377,-88.5501919,-0.579,1.27,0.008464,0.008464,,,,1.76E+18
47.1160388,-88.5501928,-0.778,1.166,0.008464,0.008464,,,,1.76E+18
47.1160397,-88.5501938,-0.714,0.985,0.007569,0.007569,,,,1.76E+18
47.1160408,-88.5501953,-0.836,0.796,0.007056,0.007056,,,,1.76E+18
47.1160415,-88.5501963,-0.72,0.73,0.006084,0.006084,,,,1.76E+18
47.1160421,-88.5501972,-0.69,0.729,0.0064,0.0064,,,,1.76E+18
47.1160428,-88.550198,-0.6,0.818,0.0064,0.0064,,,,1.76E+18
47.1160435,-88.5501989,-0.784,0.787,0.005625,0.005625,,,,1.76E+18
47.1160443,-88.5501998,-0.644,0.821,0.005929,0.005929,,,,1.76E+18
47.116045,-88.5502008,-0.743,0.83,0.005476,0.005476,,,,1.76E+18
47.1160507,-88.5502,-0.812,0.925,0.0064,0.0064,,,,1.76E+18
47.1160515,-88.550201,-0.727,0.923,0.006241,0.006241,,,,1.76E+18
47.1160523,-88.550202,-0.798,0.877,0.006241,0.006241,,,,1.76E+18
47.1160531,-88.550203,-0.685,1.032,0.006561,0.006561,,,,1.76E+18
47.116054,-88.5502039,-0.672,0.928,0.006241,0.006241,,,,1.76E+18
47.1160555,-88.5502053,-0.646,1.135,0.006724,0.006724,,,,1.76E+18
47.1160565,-88.5502061,-0.61,1.114,0.0064,0.0064,,,,1.76E+18
47.1160576,-88.5502068,-0.501,1.25,0.0064,0.0064,,,,1.76E+18
47.1160591,-88.5502077,-0.5,1.187,0.006724,0.006724,,,,1.76E+18
47.1160603,-88.5502084,-0.498,1.166,0.006241,0.006241,,,,1.76E+18
47.1160614,-88.550209,-0.494,1.202,0.006561,0.006561,,,,1.76E+18
47.1160624,-88.5502097,-0.509,1.182,0.006724,0.006724,,,,1.76E+18
47.1160635,-88.5502105,-0.543,1.246,0.0064,0.0064,,,,1.76E+18
47.1160646,-88.5502112,-0.512,1.186,0.006561,0.006561,,,,1.76E+18
47.1160663,-88.550212,-0.404,1.273,0.007056,0.007056,,,,1.76E+18
47.1160674,-88.5502126,-0.42,1.26,0.006561,0.006561,,,,1.76E+18
47.1160685,-88.5502132,-0.41,1.244,0.006724,0.006724,,,,1.76E+18
47.1160701,-88.550214,-0.401,1.208,0.007225,0.007225,,,,1.76E+18
47.1160718,-88.5502148,-0.442,1.304,0.007744,0.007744,,,,1.76E+18
47.1160729,-88.5502152,-0.318,1.21,0.007225,0.007225,,,,1.76E+18
47.116074,-88.5502158,-0.432,1.289,0.007225,0.007225,,,,1.76E+18
47.1160758,-88.5502165,-0.363,1.195,0.007569,0.007569,,,,1.76E+18
47.1160768,-88.5502169,-0.307,1.183,0.007396,0.007396,,,,1.76E+18
47.1160778,-88.5502173,-0.312,1.196,0.007569,0.007569,,,,1.76E+18
47.1160789,-88.5502177,-0.291,1.21,0.007744,0.007744,,,,1.76E+18
47.1160806,-88.5502183,-0.31,1.218,0.008464,0.008464,,,,1.76E+18
47.1160817,-88.5502187,-0.319,1.265,0.007569,0.007569,,,,1.76E+18
47.1160828,-88.5502191,-0.263,1.242,0.007396,0.007396,,,,1.76E+18
47.116084,-88.5502194,-0.307,1.277,0.007225,0.007225,,,,1.76E+18
47.1160851,-88.5502198,-0.309,1.216,0.007569,0.007569,,,,1.76E+18
47.1160862,-88.5502202,-0.255,1.299,0.006724,0.006724,,,,1.76E+18
47.1160875,-88.5502206,-0.276,1.335,0.006724,0.006724,,,,1.76E+18
47.1160886,-88.5502209,-0.288,1.241,0.007396,0.007396,,,,1.76E+18
47.1160897,-88.5502213,-0.26,1.24,0.007396,0.007396,,,,1.76E+18
47.1160909,-88.5502216,-0.24,1.385,0.007396,0.007396,,,,1.76E+18
47.1160928,-88.5502221,-0.293,1.356,0.007921,0.007921,,,,1.76E+18
47.1160946,-88.5502226,-0.209,1.329,0.007921,0.007921,,,,1.76E+18
47.1160964,-88.550223,-0.187,1.342,0.007744,0.007744,,,,1.76E+18
47.1160976,-88.5502233,-0.251,1.394,0.007225,0.007225,,,,1.76E+18
47.1160988,-88.5502235,-0.187,1.383,0.007225,0.007225,,,,1.76E+18
47.1161,-88.5502238,-0.178,1.259,0.007569,0.007569,,,,1.76E+18
47.1161013,-88.5502241,-0.18,1.416,0.007569,0.007569,,,,1.76E+18
47.1161025,-88.5502243,-0.123,1.283,0.007569,0.007569,,,,1.76E+18
47.1161043,-88.5502246,-0.149,1.315,0.007921,0.007921,,,,1.76E+18
47.1161055,-88.5502248,-0.153,1.364,0.007056,0.007056,,,,1.76E+18
47.1161067,-88.550225,-0.114,1.379,0.006889,0.006889,,,,1.76E+18
47.1161086,-88.5502253,-0.149,1.321,0.007225,0.007225,,,,1.76E+18
47.1161103,-88.5502254,-0.074,1.309,0.007225,0.007225,,,,1.76E+18
47.1161115,-88.5502255,-0.101,1.315,0.006889,0.006889,,,,1.76E+18
47.1161127,-88.5502256,-0.079,1.379,0.006889,0.006889,,,,1.76E+18
47.1161139,-88.5502257,-0.072,1.315,0.006889,0.006889,,,,1.76E+18
47.1161152,-88.5502257,-0.05,1.367,0.006724,0.006724,,,,1.76E+18
47.116117,-88.5502259,-0.065,1.336,0.007569,0.007569,,,,1.76E+18
47.1161189,-88.5502261,-0.103,1.395,0.007569,0.007569,,,,1.76E+18
47.1161201,-88.5502263,-0.154,1.368,0.007225,0.007225,,,,1.76E+18
47.1161213,-88.5502265,-0.176,1.392,0.006889,0.006889,,,,1.76E+18
47.1161225,-88.5502267,-0.134,1.317,0.006889,0.006889,,,,1.76E+18
47.1161238,-88.550227,-0.245,1.43,0.007225,0.007225,,,,1.76E+18
47.116125,-88.5502274,-0.319,1.396,0.007396,0.007396,,,,1.76E+18
47.1161262,-88.5502278,-0.293,1.386,0.007744,0.007744,,,,1.76E+18
47.1161275,-88.5502283,-0.307,1.317,0.007569,0.007569,,,,1.76E+18
47.1161292,-88.550229,-0.402,1.309,0.007921,0.007921,,,,1.76E+18
47.1161304,-88.5502296,-0.456,1.276,0.006889,0.006889,,,,1.76E+18
47.1161316,-88.5502302,-0.443,1.291,0.007225,0.007225,,,,1.76E+18
47.1161327,-88.5502308,-0.503,1.263,0.006724,0.006724,,,,1.76E+18
47.1161339,-88.5502315,-0.59,1.275,0.006561,0.006561,,,,1.76E+18
47.1161351,-88.5502323,-0.552,1.201,0.006724,0.006724,,,,1.76E+18
47.1161361,-88.550233,-0.582,1.237,0.006724,0.006724,,,,1.76E+18
47.1161372,-88.5502339,-0.63,1.158,0.006724,0.006724,,,,1.76E+18
47.1161382,-88.5502347,-0.593,1.166,0.006561,0.006561,,,,1.76E+18
47.1161398,-88.5502358,-0.596,1.159,0.007225,0.007225,,,,1.76E+18
47.1161409,-88.5502367,-0.617,1.205,0.006561,0.006561,,,,1.76E+18
47.116142,-88.5502375,-0.58,1.164,0.0064,0.0064,,,,1.76E+18
47.1161431,-88.5502382,-0.583,1.17,0.006561,0.006561,,,,1.76E+18
47.1161442,-88.5502389,-0.536,1.224,0.006724,0.006724,,,,1.76E+18
47.1161452,-88.5502397,-0.617,1.157,0.006724,0.006724,,,,1.76E+18
47.1161463,-88.5502405,-0.588,1.223,0.006724,0.006724,,,,1.76E+18
47.1161474,-88.5502412,-0.548,1.168,0.007056,0.007056,,,,1.76E+18
47.1161484,-88.550242,-0.579,1.138,0.006889,0.006889,,,,1.76E+18
47.1161495,-88.5502428,-0.546,1.197,0.006889,0.006889,,,,1.76E+18
47.1161505,-88.5502435,-0.617,1.194,0.007056,0.007056,,,,1.76E+18
47.1161516,-88.5502443,-0.554,1.164,0.006724,0.006724,,,,1.76E+18
47.1161527,-88.5502451,-0.617,1.216,0.006724,0.006724,,,,1.76E+18
47.1161537,-88.5502458,-0.498,1.095,0.006561,0.006561,,,,1.76E+18
47.1161547,-88.5502465,-0.55,1.1,0.006724,0.006724,,,,1.76E+18
47.116156,-88.5502474,-0.469,0.914,0.007396,0.007396,,,,1.76E+18
47.1161569,-88.550248,-0.398,0.897,0.006889,0.006889,,,,1.76E+18
47.1161577,-88.5502486,-0.477,0.953,0.006889,0.006889,,,,1.76E+18
47.1161586,-88.5502492,-0.44,0.98,0.007056,0.007056,,,,1.76E+18
47.1161599,-88.55025,-0.463,1.087,0.007569,0.007569,,,,1.76E+18
47.1161613,-88.550251,-0.52,1.096,0.007921,0.007921,,,,1.76E+18
47.1161623,-88.5502516,-0.473,1.065,0.007225,0.007225,,,,1.76E+18
47.1161633,-88.5502522,-0.469,1.125,0.007225,0.007225,,,,1.76E+18
47.1161643,-88.5502528,-0.458,1.155,0.007225,0.007225,,,,1.76E+18
47.1161654,-88.5502535,-0.526,1.231,0.007225,0.007225,,,,1.76E+18
47.1161665,-88.5502542,-0.532,1.187,0.007056,0.007056,,,,1.76E+18
47.1161676,-88.5502548,-0.482,1.239,0.006724,0.006724,,,,1.76E+18
47.1161687,-88.5502554,-0.448,1.178,0.006724,0.006724,,,,1.76E+18
47.1161698,-88.5502562,-0.555,1.286,0.006724,0.006724,,,,1.76E+18
47.1161709,-88.5502568,-0.43,1.198,0.006724,0.006724,,,,1.76E+18
47.116172,-88.5502574,-0.489,1.237,0.006889,0.006889,,,,1.76E+18
47.1161732,-88.5502581,-0.532,1.296,0.006561,0.006561,,,,1.76E+18
47.1161743,-88.5502588,-0.549,1.21,0.006561,0.006561,,,,1.76E+18
47.1161754,-88.5502595,-0.559,1.273,0.006561,0.006561,,,,1.76E+18
47.1161771,-88.5502607,-0.625,1.215,0.006889,0.006889,,,,1.76E+18
47.1161783,-88.5502614,-0.478,1.263,0.006241,0.006241,,,,1.76E+18
47.1161793,-88.5502621,-0.593,1.168,0.0064,0.0064,,,,1.76E+18
47.1161805,-88.5502628,-0.541,1.203,0.006561,0.006561,,,,1.76E+18
47.1161815,-88.5502636,-0.535,1.244,0.0064,0.0064,,,,1.76E+18
47.1161831,-88.5502647,-0.61,1.162,0.007056,0.007056,,,,1.76E+18
47.1161842,-88.5502656,-0.662,1.151,0.006084,0.006084,,,,1.76E+18
47.1161852,-88.5502664,-0.62,1.173,0.006084,0.006084,,,,1.76E+18
47.1161863,-88.5502673,-0.716,1.135,0.006084,0.006084,,,,1.76E+18
47.1161873,-88.5502682,-0.703,1.097,0.006241,0.006241,,,,1.76E+18
47.1161882,-88.5502692,-0.742,1.129,0.005929,0.005929,,,,1.76E+18
47.1161893,-88.5502702,-0.797,1.097,0.005625,0.005625,,,,1.76E+18
47.1161902,-88.5502712,-0.749,1.039,0.005476,0.005476,,,,1.76E+18
47.116191,-88.5502723,-0.885,0.98,0.005329,0.005329,,,,1.76E+18
47.1161919,-88.5502735,-0.859,1.002,0.005329,0.005329,,,,1.76E+18
47.1161933,-88.5502751,-0.852,1.026,0.005476,0.005476,,,,1.76E+18
47.1161942,-88.5502762,-0.851,0.98,0.005329,0.005329,,,,1.76E+18
47.1161951,-88.5502773,-0.797,0.987,0.005476,0.005476,,,,1.76E+18
47.116196,-88.5502784,-0.819,0.992,0.005625,0.005625,,,,1.76E+18
47.1161973,-88.55028,-0.787,0.991,0.005929,0.005929,,,,1.76E+18
47.1161983,-88.550281,-0.792,1.054,0.005625,0.005625,,,,1.76E+18
47.1161992,-88.5502821,-0.797,0.981,0.005625,0.005625,,,,1.76E+18
47.1162006,-88.5502837,-0.782,1.078,0.006084,0.006084,,,,1.76E+18
47.116202,-88.5502853,-0.816,1.052,0.005929,0.005929,,,,1.76E+18
47.1162029,-88.5502863,-0.792,1.072,0.005776,0.005776,,,,1.76E+18
47.1162039,-88.5502874,-0.857,1.015,0.005625,0.005625,,,,1.76E+18
47.1162048,-88.5502886,-0.859,1.048,0.005625,0.005625,,,,1.76E+18
47.1162058,-88.5502896,-0.796,1.076,0.005476,0.005476,,,,1.76E+18
47.1162067,-88.5502907,-0.778,1.085,0.005625,0.005625,,,,1.76E+18
47.1162081,-88.5502923,-0.831,1.005,0.005625,0.005625,,,,1.76E+18
47.1162091,-88.5502935,-0.962,1.062,0.005184,0.005184,,,,1.76E+18
47.1162099,-88.5502947,-0.921,0.934,0.005329,0.005329,,,,1.76E+18
47.1162107,-88.550296,-0.947,0.922,0.005184,0.005184,,,,1.76E+18
47.1162116,-88.5502972,-0.912,1.032,0.005476,0.005476,,,,1.76E+18
47.1162125,-88.5502984,-0.94,0.927,0.005476,0.005476,,,,1.76E+18
47.1162133,-88.5502996,-0.921,0.926,0.005476,0.005476,,,,1.76E+18
47.1162142,-88.5503009,-0.942,0.923,0.005329,0.005329,,,,1.76E+18
47.116215,-88.5503021,-0.982,0.913,0.005184,0.005184,,,,1.76E+18
47.1162157,-88.5503034,-0.944,0.853,0.005184,0.005184,,,,1.76E+18
47.1162165,-88.5503047,-0.998,0.864,0.005329,0.005329,,,,1.76E+18
47.1162173,-88.550306,-0.988,0.867,0.005184,0.005184,,,,1.76E+18
47.116218,-88.5503073,-0.98,0.857,0.005041,0.005041,,,,1.76E+18
47.1162191,-88.5503093,-1.003,0.799,0.005329,0.005329,,,,1.76E+18
47.1162198,-88.5503106,-0.995,0.782,0.0049,0.0049,,,,1.76E+18
47.1162205,-88.5503119,-0.991,0.789,0.0049,0.0049,,,,1.76E+18
47.1162212,-88.5503132,-1.011,0.753,0.0049,0.0049,,,,1.76E+18
47.1162222,-88.5503153,-1.025,0.781,0.005184,0.005184,,,,1.76E+18
47.1162229,-88.5503166,-1.038,0.732,0.0049,0.0049,,,,1.76E+18
47.1162235,-88.5503179,-0.951,0.742,0.005041,0.005041,,,,1.76E+18
47.1162242,-88.5503192,-1.001,0.724,0.005041,0.005041,,,,1.76E+18
47.1162249,-88.5503206,-1.025,0.742,0.005041,0.005041,,,,1.76E+18
47.1162255,-88.5503219,-1.02,0.688,0.0049,0.0049,,,,1.76E+18
47.1162262,-88.5503233,-0.994,0.716,0.0049,0.0049,,,,1.76E+18
47.1162268,-88.5503246,-1.03,0.673,0.004624,0.004624,,,,1.76E+18
47.1162274,-88.550326,-1.028,0.691,0.004624,0.004624,,,,1.76E+18
47.1162279,-88.5503274,-1.112,0.599,0.004624,0.004624,,,,1.76E+18
47.1162287,-88.5503296,-1.109,0.523,0.004489,0.004489,,,,1.76E+18
47.1162292,-88.5503311,-1.108,0.503,0.004356,0.004356,,,,1.76E+18
47.1162296,-88.5503325,-1.088,0.482,0.004225,0.004225,,,,1.76E+18
47.1162301,-88.5503348,-1.137,0.343,0.004225,0.004225,,,,1.76E+18
47.1162306,-88.550337,-1.13,0.295,0.003969,0.003969,,,,1.76E+18
47.1162309,-88.5503386,-1.178,0.282,0.003721,0.003721,,,,1.76E+18
47.1162311,-88.5503401,-1.156,0.339,0.003721,0.003721,,,,1.76E+18
47.1162314,-88.5503416,-1.149,0.326,0.003481,0.003481,,,,1.76E+18
47.1162316,-88.5503431,-1.154,0.255,0.003364,0.003364,,,,1.76E+18
47.1162319,-88.5503446,-1.124,0.283,0.003364,0.003364,,,,1.76E+18
47.1162322,-88.550346,-1.104,0.313,0.003481,0.003481,,,,1.76E+18
47.1162324,-88.5503475,-1.133,0.272,0.003481,0.003481,,,,1.76E+18
47.1162327,-88.550349,-1.091,0.329,0.003481,0.003481,,,,1.76E+18
47.1162331,-88.5503505,-1.157,0.354,0.003364,0.003364,,,,1.76E+18
47.1162334,-88.550352,-1.119,0.337,0.003364,0.003364,,,,1.76E+18
47.1162336,-88.5503535,-1.133,0.363,0.003364,0.003364,,,,1.76E+18
47.1162339,-88.5503549,-1.118,0.36,0.003481,0.003481,,,,1.76E+18
47.1162343,-88.5503563,-1.07,0.397,0.0036,0.0036,,,,1.76E+18
47.1162347,-88.5503578,-1.139,0.361,0.003481,0.003481,,,,1.76E+18
47.116235,-88.5503593,-1.087,0.339,0.003481,0.003481,,,,1.76E+18
47.1162353,-88.5503607,-1.086,0.436,0.0036,0.0036,,,,1.76E+18
47.1162357,-88.5503622,-1.126,0.407,0.003721,0.003721,,,,1.76E+18
47.1162362,-88.5503644,-1.11,0.39,0.003844,0.003844,,,,1.76E+18
47.1162366,-88.5503666,-1.135,0.229,0.0036,0.0036,,,,1.76E+18
47.1162368,-88.5503681,-1.124,0.219,0.003481,0.003481,,,,1.76E+18
47.1162369,-88.5503696,-1.15,0.222,0.003364,0.003364,,,,1.76E+18
47.1162372,-88.5503719,-1.147,0.152,0.003481,0.003481,,,,1.76E+18
47.1162373,-88.5503734,-1.143,0.064,0.003136,0.003136,,,,1.76E+18
47.1162373,-88.5503749,-1.17,0.061,0.003136,0.003136,,,,1.76E+18
47.1162374,-88.5503764,-1.16,0.006,0.003025,0.003025,,,,1.76E+18
47.1162373,-88.5503778,-1.123,-0.001,0.002916,0.002916,,,,1.76E+18
47.1162373,-88.5503793,-1.125,-0.05,0.002916,0.002916,,,,1.76E+18
47.1162372,-88.5503808,-1.134,-0.078,0.002916,0.002916,,,,1.76E+18
47.1162371,-88.5503823,-1.103,-0.144,0.002916,0.002916,,,,1.76E+18
47.116237,-88.5503837,-1.073,-0.155,0.002916,0.002916,,,,1.76E+18
47.1162368,-88.5503852,-1.089,-0.173,0.003025,0.003025,,,,1.76E+18
47.1162366,-88.5503866,-1.058,-0.222,0.003136,0.003136,,,,1.76E+18
47.1162364,-88.550388,-1.057,-0.195,0.003025,0.003025,,,,1.76E+18
47.1162361,-88.5503894,-1.052,-0.385,0.003249,0.003249,,,,1.76E+18
47.1162358,-88.5503908,-1.02,-0.225,0.003025,0.003025,,,,1.76E+18
47.1162353,-88.5503928,-1.003,-0.401,0.003364,0.003364,,,,1.76E+18
47.1162348,-88.5503947,-1.001,-0.379,0.003364,0.003364,,,,1.76E+18
47.1162344,-88.550396,-0.983,-0.454,0.003364,0.003364,,,,1.76E+18
47.1162338,-88.5503978,-0.905,-0.479,0.0036,0.0036,,,,1.76E+18
47.1162333,-88.550399,-0.911,-0.496,0.003481,0.003481,,,,1.76E+18
47.1162329,-88.5504002,-0.899,-0.544,0.0036,0.0036,,,,1.76E+18
47.1162324,-88.5504013,-0.833,-0.549,0.003721,0.003721,,,,1.76E+18
47.1162318,-88.5504024,-0.861,-0.606,0.003721,0.003721,,,,1.76E+18
47.1162313,-88.5504036,-0.816,-0.598,0.003844,0.003844,,,,1.76E+18
47.1162305,-88.5504051,-0.796,-0.627,0.004096,0.004096,,,,1.76E+18
47.1162299,-88.5504061,-0.76,-0.635,0.003844,0.003844,,,,1.76E+18
47.1162293,-88.5504071,-0.73,-0.724,0.004096,0.004096,,,,1.76E+18
47.1162286,-88.5504081,-0.72,-0.685,0.003969,0.003969,,,,1.76E+18
47.116228,-88.550409,-0.693,-0.711,0.004096,0.004096,,,,1.76E+18
47.1162274,-88.5504099,-0.666,-0.741,0.004225,0.004225,,,,1.76E+18
47.1162267,-88.5504108,-0.669,-0.715,0.004096,0.004096,,,,1.76E+18
47.116226,-88.5504116,-0.624,-0.758,0.004225,0.004225,,,,1.76E+18
47.1162253,-88.5504124,-0.607,-0.756,0.004225,0.004225,,,,1.76E+18
47.1162246,-88.5504132,-0.567,-0.773,0.004489,0.004489,,,,1.76E+18
47.1162236,-88.5504142,-0.556,-0.789,0.004761,0.004761,,,,1.76E+18
47.1162229,-88.5504149,-0.504,-0.81,0.004624,0.004624,,,,1.76E+18
47.1162221,-88.5504156,-0.496,-0.864,0.004761,0.004761,,,,1.76E+18
47.1162214,-88.5504162,-0.468,-0.785,0.004624,0.004624,,,,1.76E+18
47.1162206,-88.5504168,-0.417,-0.814,0.004761,0.004761,,,,1.76E+18
47.1162199,-88.5504173,-0.404,-0.827,0.004761,0.004761,,,,1.76E+18
47.1162191,-88.5504178,-0.38,-0.833,0.004624,0.004624,,,,1.76E+18
47.1162184,-88.5504183,-0.375,-0.879,0.004761,0.004761,,,,1.76E+18
47.1162176,-88.5504188,-0.336,-0.813,0.004761,0.004761,,,,1.76E+18
47.1162164,-88.5504194,-0.289,-0.866,0.005041,0.005041,,,,1.76E+18
47.1162157,-88.5504197,-0.303,-0.809,0.004761,0.004761,,,,1.76E+18
47.1162149,-88.5504201,-0.221,-0.883,0.005041,0.005041,,,,1.76E+18
47.1162141,-88.5504204,-0.219,-0.895,0.005041,0.005041,,,,1.76E+18
47.1162133,-88.5504206,-0.187,-0.864,0.0049,0.0049,,,,1.76E+18
47.1162125,-88.5504209,-0.177,-0.889,0.0049,0.0049,,,,1.76E+18
47.1162113,-88.5504212,-0.127,-0.921,0.005329,0.005329,,,,1.76E+18
47.1162105,-88.5504214,-0.165,-0.868,0.005041,0.005041,,,,1.76E+18
47.1162097,-88.5504216,-0.124,-0.875,0.005041,0.005041,,,,1.76E+18
47.1162081,-88.5504219,-0.166,-0.91,0.005476,0.005476,,,,1.76E+18
47.1162073,-88.550422,-0.13,-0.883,0.005184,0.005184,,,,1.76E+18
47.1162065,-88.5504222,-0.15,-0.911,0.005041,0.005041,,,,1.76E+18
47.1162057,-88.5504224,-0.116,-0.883,0.005184,0.005184,,,,1.76E+18
47.1162049,-88.5504226,-0.155,-0.926,0.005041,0.005041,,,,1.76E+18
47.1162041,-88.5504228,-0.147,-0.892,0.005041,0.005041,,,,1.76E+18
47.1162033,-88.550423,-0.135,-0.894,0.005041,0.005041,,,,1.76E+18
47.1162024,-88.5504232,-0.149,-0.921,0.005041,0.005041,,,,1.76E+18
47.1162016,-88.5504234,-0.156,-0.898,0.005041,0.005041,,,,1.76E+18
47.1162008,-88.5504236,-0.15,-0.924,0.0049,0.0049,,,,1.76E+18
47.1162,-88.5504238,-0.149,-0.876,0.005041,0.005041,,,,1.76E+18
47.1161991,-88.5504239,-0.143,-0.936,0.005041,0.005041,,,,1.76E+18
47.1161983,-88.5504241,-0.154,-0.9,0.005041,0.005041,,,,1.76E+18
47.1161975,-88.5504243,-0.166,-0.902,0.005184,0.005184,,,,1.76E+18
47.1161966,-88.5504246,-0.157,-0.924,0.005184,0.005184,,,,1.76E+18
47.1161958,-88.5504248,-0.154,-0.929,0.005184,0.005184,,,,1.76E+18
47.116195,-88.550425,-0.161,-0.923,0.005184,0.005184,,,,1.76E+18
47.1161941,-88.5504252,-0.152,-0.945,0.005184,0.005184,,,,1.76E+18
47.1161933,-88.5504254,-0.152,-0.912,0.005041,0.005041,,,,1.76E+18
47.1161921,-88.5504257,-0.17,-0.959,0.005184,0.005184,,,,1.76E+18
47.1161912,-88.5504258,-0.076,-0.871,0.005184,0.005184,,,,1.76E+18
47.1161904,-88.5504258,-0.024,-0.95,0.005329,0.005329,,,,1.76E+18
47.1161895,-88.5504259,-0.056,-0.873,0.005329,0.005329,,,,1.76E+18
47.1161887,-88.5504259,0.033,-0.939,0.005776,0.005776,,,,1.76E+18
47.1161879,-88.5504259,0.028,-0.914,0.005625,0.005625,,,,1.76E+18
47.1161871,-88.5504258,0.068,-0.889,0.005776,0.005776,,,,1.76E+18
47.1161863,-88.5504257,0.094,-0.891,0.005929,0.005929,,,,1.76E+18
47.1161854,-88.5504256,0.056,-0.902,0.005929,0.005929,,,,1.76E+18
47.1161847,-88.5504254,0.114,-0.824,0.005929,0.005929,,,,1.76E+18
47.1161839,-88.5504252,0.146,-0.869,0.005929,0.005929,,,,1.76E+18
47.1161831,-88.550425,0.163,-0.833,0.005929,0.005929,,,,1.76E+18
47.1161824,-88.5504248,0.16,-0.861,0.005776,0.005776,,,,1.76E+18
47.1161816,-88.5504245,0.224,-0.823,0.005929,0.005929,,,,1.76E+18
47.1161809,-88.5504242,0.223,-0.838,0.005929,0.005929,,,,1.76E+18
47.1161798,-88.5504238,0.237,-0.801,0.006241,0.006241,,,,1.76E+18
47.1161791,-88.5504234,0.324,-0.83,0.005776,0.005776,,,,1.76E+18
47.1161783,-88.550423,0.275,-0.774,0.005625,0.005625,,,,1.76E+18
47.1161777,-88.5504226,0.301,-0.772,0.005625,0.005625,,,,1.76E+18
47.1161766,-88.550422,0.349,-0.786,0.006084,0.006084,,,,1.76E+18
47.1161759,-88.5504215,0.36,-0.761,0.005776,0.005776,,,,1.76E+18
47.1161749,-88.5504207,0.398,-0.773,0.006084,0.006084,,,,1.76E+18
47.1161742,-88.5504202,0.4,-0.742,0.005476,0.005476,,,,1.76E+18
47.1161735,-88.5504196,0.433,-0.742,0.005329,0.005329,,,,1.76E+18
47.1161728,-88.5504191,0.436,-0.77,0.005329,0.005329,,,,1.76E+18
47.1161722,-88.5504185,0.52,-0.734,0.005329,0.005329,,,,1.76E+18
47.1161715,-88.5504178,0.491,-0.705,0.005329,0.005329,,,,1.76E+18
47.1161709,-88.5504172,0.487,-0.714,0.005476,0.005476,,,,1.76E+18
47.1161702,-88.5504165,0.545,-0.698,0.005184,0.005184,,,,1.76E+18
47.1161696,-88.5504158,0.523,-0.726,0.005184,0.005184,,,,1.76E+18
47.116169,-88.550415,0.59,-0.664,0.005184,0.005184,,,,1.76E+18
47.1161684,-88.5504143,0.612,-0.713,0.005184,0.005184,,,,1.76E+18
47.1161678,-88.5504135,0.601,-0.635,0.005184,0.005184,,,,1.76E+18
47.1161672,-88.5504126,0.643,-0.658,0.005184,0.005184,,,,1.76E+18
47.1161666,-88.5504118,0.665,-0.65,0.005184,0.005184,,,,1.76E+18
47.116166,-88.5504109,0.682,-0.611,0.005184,0.005184,,,,1.76E+18
47.1161655,-88.55041,0.696,-0.607,0.005041,0.005041,,,,1.76E+18
47.1161649,-88.550409,0.756,-0.629,0.005041,0.005041,,,,1.76E+18
47.1161641,-88.5504075,0.76,-0.606,0.005476,0.005476,,,,1.76E+18
47.1161637,-88.5504065,0.795,-0.531,0.005041,0.005041,,,,1.76E+18
47.1161632,-88.5504055,0.775,-0.558,0.005184,0.005184,,,,1.76E+18
47.1161627,-88.5504044,0.82,-0.528,0.005041,0.005041,,,,1.76E+18
47.1161623,-88.5504033,0.843,-0.486,0.0049,0.0049,,,,1.76E+18
47.1161618,-88.5504022,0.87,-0.503,0.0049,0.0049,,,,1.76E+18
47.1161614,-88.550401,0.901,-0.413,0.004489,0.004489,,,,1.76E+18
47.116161,-88.5503998,0.892,-0.467,0.004624,0.004624,,,,1.76E+18
47.1161606,-88.5503986,0.895,-0.389,0.004225,0.004225,,,,1.76E+18
47.1161603,-88.5503974,0.946,-0.366,0.004096,0.004096,,,,1.76E+18
47.1161599,-88.5503962,0.954,-0.382,0.004225,0.004225,,,,1.76E+18
47.1161596,-88.5503949,0.999,-0.324,0.004096,0.004096,,,,1.76E+18
47.1161593,-88.5503936,0.982,-0.292,0.003844,0.003844,,,,1.76E+18
47.1161591,-88.5503923,0.995,-0.298,0.003844,0.003844,,,,1.76E+18
47.1161589,-88.5503909,1.011,-0.249,0.003844,0.003844,,,,1.76E+18
47.1161587,-88.5503895,1.07,-0.211,0.003721,0.003721,,,,1.76E+18
47.1161585,-88.5503875,1.03,-0.173,0.0036,0.0036,,,,1.76E+18
47.1161584,-88.550386,1.094,-0.139,0.003481,0.003481,,,,1.76E+18
47.1161583,-88.5503847,1.038,-0.131,0.003364,0.003364,,,,1.76E+18
47.1161582,-88.5503825,1.109,-0.112,0.003481,0.003481,,,,1.76E+18
47.1161582,-88.5503811,1.071,-0.019,0.003136,0.003136,,,,1.76E+18
47.1161582,-88.5503796,1.127,0.027,0.003136,0.003136,,,,1.76E+18
47.1161582,-88.5503782,1.101,0.022,0.003136,0.003136,,,,1.76E+18
47.1161583,-88.5503767,1.125,0.099,0.003025,0.003025,,,,1.76E+18
47.1161584,-88.5503752,1.112,0.137,0.003025,0.003025,,,,1.76E+18
47.1161585,-88.5503738,1.119,0.156,0.003025,0.003025,,,,1.76E+18
47.1161587,-88.5503723,1.113,0.218,0.003136,0.003136,,,,1.76E+18
47.1161589,-88.5503708,1.136,0.201,0.002916,0.002916,,,,1.76E+18
47.1161591,-88.5503694,1.101,0.255,0.003025,0.003025,,,,1.76E+18
47.1161594,-88.5503679,1.1,0.325,0.003136,0.003136,,,,1.76E+18
47.1161597,-88.5503664,1.113,0.348,0.003136,0.003136,,,,1.76E+18
47.1161601,-88.550365,1.092,0.456,0.003249,0.003249,,,,1.76E+18
47.1161604,-88.5503635,1.084,0.379,0.003249,0.003249,,,,1.76E+18
47.1161609,-88.5503621,1.111,0.509,0.003364,0.003364,,,,1.76E+18
47.1161616,-88.55036,1.058,0.491,0.003481,0.003481,,,,1.76E+18
47.1161621,-88.5503586,1.034,0.572,0.003481,0.003481,,,,1.76E+18
47.1161626,-88.5503572,1.07,0.648,0.0036,0.0036,,,,1.76E+18
47.1161632,-88.5503559,1.02,0.615,0.003364,0.003364,,,,1.76E+18
47.1161642,-88.5503538,1.026,0.744,0.003844,0.003844,,,,1.76E+18
47.1161649,-88.5503525,1.09,0.83,0.003481,0.003481,,,,1.76E+18
47.1161662,-88.5503503,1.106,1.076,0.004096,0.004096,,,,1.76E+18
47.1161671,-88.5503488,1.112,1.025,0.003721,0.003721,,,,1.76E+18
47.1161682,-88.5503473,1.082,1.171,0.003969,0.003969,,,,1.76E+18
47.1161693,-88.5503459,1.072,1.277,0.003969,0.003969,,,,1.76E+18
47.1161705,-88.5503446,1.038,1.367,0.003969,0.003969,,,,1.76E+18
47.1161717,-88.5503432,1.002,1.419,0.003969,0.003969,,,,1.76E+18
47.1161731,-88.550342,0.96,1.547,0.003969,0.003969,,,,1.76E+18
47.1161745,-88.5503408,0.882,1.581,0.004225,0.004225,,,,1.76E+18
47.116176,-88.5503397,0.826,1.645,0.004356,0.004356,,,,1.76E+18
47.1161776,-88.5503386,0.79,1.822,0.004489,0.004489,,,,1.76E+18
47.1161792,-88.5503377,0.699,1.754,0.004489,0.004489,,,,1.76E+18
47.1161809,-88.550337,0.5,1.908,0.004761,0.004761,,,,1.76E+18
47.1161826,-88.5503363,0.541,1.876,0.004489,0.004489,,,,1.76E+18
47.1161844,-88.5503358,0.36,2.009,0.004761,0.004761,,,,1.76E+18
47.1161862,-88.5503354,0.232,2.02,0.005041,0.005041,,,,1.76E+18
47.1161881,-88.5503352,0.205,2.04,0.005184,0.005184,,,,1.76E+18
47.1161899,-88.5503352,-0.029,2.069,0.005476,0.005476,,,,1.76E+18
47.1161927,-88.5503354,-0.15,2.065,0.006241,0.006241,,,,1.76E+18
47.1161946,-88.5503357,-0.263,2.073,0.006241,0.006241,,,,1.76E+18
47.1161964,-88.5503362,-0.424,2.087,0.0064,0.0064,,,,1.76E+18
47.1161982,-88.5503369,-0.527,2.046,0.006084,0.006084,,,,1.76E+18
47.1162001,-88.5503378,-0.673,2.03,0.005929,0.005929,,,,1.76E+18
47.1162019,-88.5503387,-0.778,2.01,0.006084,0.006084,,,,1.76E+18
47.1162037,-88.5503399,-0.922,1.93,0.005625,0.005625,,,,1.76E+18
47.1162054,-88.5503412,-1.023,1.928,0.005625,0.005625,,,,1.76E+18
47.1162071,-88.5503427,-1.12,1.836,0.005625,0.005625,,,,1.76E+18
47.1162087,-88.5503444,-1.308,1.809,0.005329,0.005329,,,,1.76E+18
47.116211,-88.5503471,-1.413,1.683,0.005929,0.005929,,,,1.76E+18
47.1162124,-88.550349,-1.537,1.543,0.005476,0.005476,,,,1.76E+18
47.1162138,-88.5503512,-1.642,1.587,0.005184,0.005184,,,,1.76E+18
47.116215,-88.5503534,-1.724,1.372,0.005041,0.005041,,,,1.76E+18
47.1162162,-88.5503558,-1.805,1.285,0.004761,0.004761,,,,1.76E+18
47.1162173,-88.5503582,-1.886,1.141,0.004356,0.004356,,,,1.76E+18
47.1162182,-88.5503608,-1.939,1.001,0.004225,0.004225,,,,1.76E+18
47.1162191,-88.5503634,-2.049,0.925,0.004096,0.004096,,,,1.76E+18
47.1162197,-88.5503661,-2.063,0.762,0.003721,0.003721,,,,1.76E+18
47.1162206,-88.5503703,-2.128,0.609,0.0036,0.0036,,,,1.76E+18
47.116221,-88.5503731,-2.13,0.441,0.003481,0.003481,,,,1.76E+18
47.1162212,-88.550376,-2.171,0.311,0.003481,0.003481,,,,1.76E+18
47.1162214,-88.5503788,-2.16,0.14,0.003025,0.003025,,,,1.76E+18
47.1162215,-88.5503816,-2.115,0.09,0.003025,0.003025,,,,1.76E+18
47.1162214,-88.5503844,-2.129,-0.09,0.002916,0.002916,,,,1.76E+18
47.1162213,-88.5503872,-2.125,-0.21,0.002916,0.002916,,,,1.76E+18
47.116221,-88.5503899,-2.092,-0.313,0.002916,0.002916,,,,1.76E+18
47.1162206,-88.5503927,-2.034,-0.404,0.003025,0.003025,,,,1.76E+18
47.1162201,-88.5503952,-1.943,-0.553,0.003025,0.003025,,,,1.76E+18
47.1162196,-88.5503978,-1.958,-0.62,0.003136,0.003136,,,,1.76E+18
47.116219,-88.5504002,-1.827,-0.769,0.003364,0.003364,,,,1.76E+18
47.1162182,-88.5504026,-1.794,-0.847,0.003481,0.003481,,,,1.76E+18
47.1162173,-88.5504049,-1.706,-0.955,0.0036,0.0036,,,,1.76E+18
47.1162164,-88.5504071,-1.665,-1.038,0.003721,0.003721,,,,1.76E+18
47.1162149,-88.5504102,-1.485,-1.14,0.004225,0.004225,,,,1.76E+18
47.1162138,-88.5504121,-1.487,-1.257,0.004225,0.004225,,,,1.76E+18
47.1162127,-88.5504139,-1.365,-1.268,0.004096,0.004096,,,,1.76E+18
47.1162115,-88.5504156,-1.24,-1.315,0.004225,0.004225,,,,1.76E+18
47.1162096,-88.5504179,-1.141,-1.413,0.004624,0.004624,,,,1.76E+18
47.1162083,-88.5504194,-1.06,-1.42,0.004489,0.004489,,,,1.76E+18
47.116207,-88.5504207,-0.998,-1.498,0.004624,0.004624,,,,1.76E+18
47.1162057,-88.5504218,-0.863,-1.521,0.004761,0.004761,,,,1.76E+18
47.1162043,-88.5504229,-0.838,-1.534,0.0049,0.0049,,,,1.76E+18
47.1162022,-88.5504243,-0.671,-1.551,0.005041,0.005041,,,,1.76E+18
47.1162007,-88.5504251,-0.582,-1.614,0.004761,0.004761,,,,1.76E+18
47.1161993,-88.5504258,-0.564,-1.594,0.0049,0.0049,,,,1.76E+18
47.1161978,-88.5504264,-0.424,-1.674,0.005329,0.005329,,,,1.76E+18
47.1161956,-88.5504271,-0.291,-1.651,0.005625,0.005625,,,,1.76E+18
47.1161941,-88.5504274,-0.277,-1.623,0.005476,0.005476,,,,1.76E+18
47.1161926,-88.5504276,-0.123,-1.685,0.005776,0.005776,,,,1.76E+18
47.1161911,-88.5504277,-0.032,-1.62,0.005929,0.005929,,,,1.76E+18
47.1161896,-88.5504277,0.015,-1.601,0.006084,0.006084,,,,1.76E+18
47.1161881,-88.5504276,0.093,-1.626,0.006084,0.006084,,,,1.76E+18
47.1161867,-88.5504274,0.171,-1.547,0.0064,0.0064,,,,1.76E+18
47.1161853,-88.5504271,0.275,-1.604,0.006561,0.006561,,,,1.76E+18
47.1161839,-88.5504267,0.27,-1.488,0.0064,0.0064,,,,1.76E+18
47.1161819,-88.550426,0.383,-1.512,0.006889,0.006889,,,,1.76E+18
47.1161806,-88.5504254,0.466,-1.479,0.006241,0.006241,,,,1.76E+18
47.1161793,-88.5504247,0.508,-1.342,0.006084,0.006084,,,,1.76E+18
47.1161781,-88.5504239,0.561,-1.412,0.006241,0.006241,,,,1.76E+18
47.1161769,-88.5504231,0.645,-1.341,0.006084,0.006084,,,,1.76E+18
47.1161756,-88.5504222,0.702,-1.329,0.006084,0.006084,,,,1.76E+18
47.1161745,-88.5504213,0.758,-1.286,0.005776,0.005776,,,,1.76E+18
47.1161734,-88.5504202,0.802,-1.226,0.005929,0.005929,,,,1.76E+18
47.1161722,-88.5504191,0.839,-1.277,0.005776,0.005776,,,,1.76E+18
47.1161711,-88.5504179,0.906,-1.192,0.005625,0.005625,,,,1.76E+18
47.1161701,-88.5504167,0.939,-1.114,0.005776,0.005776,,,,1.76E+18
47.1161692,-88.5504154,1.012,-1.115,0.005776,0.005776,,,,1.76E+18
47.1161682,-88.550414,1.05,-1.069,0.005625,0.005625,,,,1.76E+18
47.1161672,-88.5504126,1.09,-1.052,0.005625,0.005625,,,,1.76E+18
47.1161663,-88.5504111,1.162,-0.955,0.005476,0.005476,,,,1.76E+18
47.1161655,-88.5504095,1.201,-0.953,0.005476,0.005476,,,,1.76E+18
47.1161643,-88.550407,1.283,-0.879,0.005625,0.005625,,,,1.76E+18
47.1161635,-88.5504053,1.295,-0.871,0.005184,0.005184,,,,1.76E+18
47.1161628,-88.5504035,1.381,-0.756,0.004761,0.004761,,,,1.76E+18
47.1161619,-88.5504007,1.446,-0.636,0.004761,0.004761,,,,1.76E+18
47.1161613,-88.5503988,1.491,-0.649,0.004489,0.004489,,,,1.76E+18
47.1161609,-88.5503968,1.536,-0.5,0.004096,0.004096,,,,1.76E+18
47.1161604,-88.5503948,1.556,-0.501,0.003969,0.003969,,,,1.76E+18
47.11616,-88.5503927,1.583,-0.418,0.003969,0.003969,,,,1.76E+18
47.1161597,-88.5503905,1.651,-0.342,0.003721,0.003721,,,,1.76E+18
47.1161595,-88.5503884,1.628,-0.243,0.003481,0.003481,,,,1.76E+18
47.1161593,-88.5503862,1.694,-0.185,0.003481,0.003481,,,,1.76E+18
47.1161592,-88.5503839,1.655,-0.112,0.003249,0.003249,,,,1.76E+18
47.1161592,-88.5503817,1.74,-0.028,0.003136,0.003136,,,,1.76E+18
47.1161593,-88.5503782,1.724,0.107,0.003025,0.003025,,,,1.76E+18
47.1161594,-88.550376,1.767,0.212,0.002916,0.002916,,,,1.76E+18
47.1161596,-88.5503737,1.729,0.237,0.002916,0.002916,,,,1.76E+18
47.11616,-88.5503713,1.736,0.38,0.002916,0.002916,,,,1.76E+18
47.1161604,-88.5503691,1.717,0.503,0.003025,0.003025,,,,1.76E+18
47.1161609,-88.5503668,1.745,0.549,0.003025,0.003025,,,,1.76E+18
47.1161618,-88.5503634,1.672,0.724,0.003249,0.003249,,,,1.76E+18
47.1161625,-88.5503612,1.67,0.733,0.003136,0.003136,,,,1.76E+18
47.1161637,-88.5503579,1.652,0.982,0.003481,0.003481,,,,1.76E+18
47.1161652,-88.5503548,1.594,1.129,0.003721,0.003721,,,,1.76E+18
47.1161663,-88.5503527,1.533,1.235,0.0036,0.0036,,,,1.76E+18
47.1161674,-88.5503508,1.539,1.279,0.0036,0.0036,,,,1.76E+18
47.1161687,-88.5503489,1.39,1.441,0.003969,0.003969,,,,1.76E+18
47.11617,-88.5503471,1.372,1.542,0.004096,0.004096,,,,1.76E+18
47.1161715,-88.5503454,1.283,1.622,0.003969,0.003969,,,,1.76E+18
47.116173,-88.5503438,1.168,1.725,0.004096,0.004096,,,,1.76E+18
47.1161746,-88.5503423,1.121,1.789,0.004096,0.004096,,,,1.76E+18
47.1161763,-88.5503409,1.033,1.868,0.004225,0.004225,,,,1.76E+18
47.1161781,-88.5503397,0.877,2.028,0.004489,0.004489,,,,1.76E+18
47.1161799,-88.5503386,0.781,2.034,0.004489,0.004489,,,,1.76E+18
47.1161817,-88.5503377,0.672,2.07,0.004624,0.004624,,,,1.76E+18
47.1161837,-88.5503369,0.562,2.154,0.0049,0.0049,,,,1.76E+18
47.1161856,-88.5503364,0.387,2.219,0.005041,0.005041,,,,1.76E+18
47.1161877,-88.550336,0.275,2.258,0.005329,0.005329,,,,1.76E+18
47.1161897,-88.5503358,0.121,2.257,0.005625,0.005625,,,,1.76E+18
47.1161917,-88.5503358,-0.019,2.26,0.005929,0.005929,,,,1.76E+18
47.1161937,-88.550336,-0.168,2.238,0.005929,0.005929,,,,1.76E+18
47.1161968,-88.5503366,-0.381,2.236,0.0064,0.0064,,,,1.76E+18
47.1161998,-88.5503377,-0.593,2.26,0.006241,0.006241,,,,1.76E+18
47.1162017,-88.5503386,-0.732,2.136,0.005776,0.005776,,,,1.76E+18
47.1162037,-88.5503397,-0.854,2.201,0.005776,0.005776,,,,1.76E+18
47.1162055,-88.550341,-1.007,2.043,0.005776,0.005776,,,,1.76E+18
47.1162073,-88.5503425,-1.134,2.04,0.005776,0.005776,,,,1.76E+18
47.11621,-88.5503449,-1.302,1.891,0.006241,0.006241,,,,1.76E+18
47.1162116,-88.5503468,-1.425,1.797,0.005929,0.005929,,,,1.76E+18
47.1162132,-88.5503489,-1.58,1.78,0.006084,0.006084,,,,1.76E+18
47.1162147,-88.5503511,-1.774,1.716,0.005776,0.005776,,,,1.76E+18
47.1162161,-88.5503536,-1.897,1.545,0.005476,0.005476,,,,1.76E+18
47.1162175,-88.5503563,-2.038,1.468,0.005184,0.005184,,,,1.76E+18
47.1162187,-88.5503591,-2.193,1.383,0.0049,0.0049,,,,1.76E+18
47.1162198,-88.5503622,-2.341,1.173,0.004489,0.004489,,,,1.76E+18
47.1162207,-88.5503654,-2.424,1.001,0.004225,0.004225,,,,1.76E+18
47.1162215,-88.5503687,-2.553,0.846,0.003721,0.003721,,,,1.76E+18
47.1162224,-88.5503739,-2.656,0.539,0.0036,0.0036,,,,1.76E+18
47.1162228,-88.5503774,-2.708,0.416,0.003136,0.003136,,,,1.76E+18
47.116223,-88.5503828,-2.763,0.094,0.003025,0.003025,,,,1.76E+18
47.1162229,-88.5503883,-2.794,-0.208,0.003025,0.003025,,,,1.76E+18
47.1162226,-88.550392,-2.758,-0.359,0.002916,0.002916,,,,1.76E+18
47.1162221,-88.5503956,-2.728,-0.604,0.003025,0.003025,,,,1.76E+18
47.1162214,-88.5503991,-2.668,-0.78,0.003136,0.003136,,,,1.76E+18
47.1162205,-88.5504026,-2.588,-1.044,0.003364,0.003364,,,,1.76E+18
47.1162194,-88.550406,-2.548,-1.252,0.0036,0.0036,,,,1.76E+18
47.1162182,-88.5504091,-2.369,-1.408,0.003969,0.003969,,,,1.76E+18
47.1162168,-88.5504122,-2.277,-1.558,0.004096,0.004096,,,,1.76E+18
47.1162152,-88.550415,-2.121,-1.781,0.004356,0.004356,,,,1.76E+18
47.1162126,-88.550419,-1.902,-1.997,0.005041,0.005041,,,,1.76E+18
47.1162107,-88.5504213,-1.755,-2.115,0.0049,0.0049,,,,1.76E+18
47.1162087,-88.5504235,-1.589,-2.258,0.0049,0.0049,,,,1.76E+18
47.1162066,-88.5504253,-1.413,-2.338,0.0049,0.0049,,,,1.76E+18
47.1162044,-88.550427,-1.212,-2.451,0.0049,0.0049,,,,1.76E+18
47.1162021,-88.5504284,-1.03,-2.554,0.0049,0.0049,,,,1.76E+18
47.1161997,-88.5504296,-0.862,-2.613,0.0049,0.0049,,,,1.76E+18
47.1161974,-88.5504305,-0.615,-2.662,0.005041,0.005041,,,,1.76E+18
47.1161936,-88.5504313,-0.299,-2.786,0.005929,0.005929,,,,1.76E+18
47.1161912,-88.5504315,-0.128,-2.687,0.005776,0.005776,,,,1.76E+18
47.1161888,-88.5504314,0.119,-2.713,0.006084,0.006084,,,,1.76E+18
47.1161851,-88.5504307,0.472,-2.703,0.006889,0.006889,,,,1.76E+18
47.1161827,-88.55043,0.549,-2.62,0.006241,0.006241,,,,1.76E+18
47.1161804,-88.550429,0.815,-2.565,0.006241,0.006241,,,,1.76E+18
47.1161782,-88.5504278,0.995,-2.471,0.006084,0.006084,,,,1.76E+18
47.116176,-88.5504263,1.112,-2.387,0.005929,0.005929,,,,1.76E+18
47.1161739,-88.5504246,1.313,-2.264,0.005625,0.005625,,,,1.76E+18
47.1161719,-88.5504227,1.478,-2.262,0.005041,0.005041,,,,1.76E+18
47.1161701,-88.5504206,1.616,-2.031,0.005041,0.005041,,,,1.76E+18
47.1161682,-88.5504183,1.758,-2.021,0.005184,0.005184,,,,1.76E+18
47.1161666,-88.5504158,1.919,-1.837,0.005041,0.005041,,,,1.76E+18
47.1161644,-88.5504118,2.121,-1.653,0.005184,0.005184,,,,1.76E+18
47.116163,-88.5504089,2.257,-1.443,0.004624,0.004624,,,,1.76E+18
47.1161619,-88.5504058,2.366,-1.294,0.004624,0.004624,,,,1.76E+18
47.1161608,-88.5504026,2.447,-1.155,0.004225,0.004225,,,,1.76E+18
47.1161599,-88.5503992,2.579,-0.956,0.003969,0.003969,,,,1.76E+18
47.1161589,-88.5503941,2.641,-0.633,0.003844,0.003844,,,,1.76E+18
47.1161585,-88.5503905,2.732,-0.46,0.003364,0.003364,,,,1.76E+18
47.1161582,-88.550385,2.826,-0.171,0.0036,0.0036,,,,1.76E+18
47.1161582,-88.5503813,2.809,0.095,0.003136,0.003136,,,,1.76E+18
47.1161585,-88.5503775,2.84,0.258,0.003025,0.003025,,,,1.76E+18
47.1161589,-88.5503738,2.819,0.523,0.003136,0.003136,,,,1.76E+18
47.1161595,-88.5503701,2.777,0.699,0.003025,0.003025,,,,1.76E+18
47.1161603,-88.5503665,2.702,0.982,0.003136,0.003136,,,,1.76E+18
47.1161614,-88.550363,2.688,1.18,0.003249,0.003249,,,,1.76E+18
47.1161626,-88.5503596,2.56,1.385,0.003249,0.003249,,,,1.76E+18
47.116164,-88.5503562,2.508,1.668,0.003481,0.003481,,,,1.76E+18
47.1161657,-88.5503531,2.365,1.867,0.0036,0.0036,,,,1.76E+18
47.1161675,-88.5503501,2.257,2.073,0.003844,0.003844,,,,1.76E+18
47.1161706,-88.550346,1.993,2.37,0.004225,0.004225,,,,1.76E+18
47.1161729,-88.5503436,1.801,2.572,0.003969,0.003969,,,,1.76E+18
47.1161754,-88.5503415,1.567,2.75,0.004225,0.004225,,,,1.76E+18
47.116178,-88.5503396,1.357,2.964,0.004489,0.004489,,,,1.76E+18
47.1161808,-88.5503381,1.06,2.995,0.004489,0.004489,,,,1.76E+18
47.1161851,-88.5503364,0.732,3.236,0.005329,0.005329,,,,1.76E+18
47.1161881,-88.5503358,0.385,3.335,0.005184,0.005184,,,,1.76E+18
47.1161926,-88.5503356,-0.042,3.36,0.005776,0.005776,,,,1.76E+18
47.1161956,-88.550336,-0.35,3.356,0.005776,0.005776,,,,1.76E+18
47.1161986,-88.5503368,-0.689,3.317,0.005929,0.005929,,,,1.76E+18
47.1162015,-88.550338,-0.98,3.288,0.006084,0.006084,,,,1.76E+18
47.1162044,-88.5503395,-1.225,3.193,0.005929,0.005929,,,,1.76E+18
47.1162072,-88.5503415,-1.553,3.052,0.005929,0.005929,,,,1.76E+18
47.1162099,-88.5503438,-1.845,2.969,0.005929,0.005929,,,,1.76E+18
47.1162123,-88.5503465,-2.114,2.709,0.005625,0.005625,,,,1.76E+18
47.1162147,-88.5503495,-2.293,2.614,0.005625,0.005625,,,,1.76E+18
47.1162168,-88.5503529,-2.589,2.269,0.005184,0.005184,,,,1.76E+18
47.1162196,-88.5503583,-2.885,1.942,0.005041,0.005041,,,,1.76E+18
47.1162211,-88.5503623,-3.038,1.674,0.004356,0.004356,,,,1.76E+18
47.1162224,-88.5503665,-3.188,1.355,0.003844,0.003844,,,,1.76E+18
47.1162234,-88.5503708,-3.299,1.105,0.0036,0.0036,,,,1.76E+18
47.1162241,-88.5503752,-3.375,0.754,0.003249,0.003249,,,,1.76E+18
47.1162245,-88.5503798,-3.464,0.398,0.003136,0.003136,,,,1.76E+18
47.1162246,-88.5503866,-3.434,-0.06,0.003025,0.003025,,,,1.76E+18
47.1162244,-88.550391,-3.408,-0.307,0.002809,0.002809,,,,1.76E+18
47.1162239,-88.5503955,-3.361,-0.661,0.002916,0.002916,,,,1.76E+18
47.1162226,-88.5504019,-3.191,-1.078,0.003481,0.003481,,,,1.76E+18
47.1162215,-88.5504059,-3.054,-1.289,0.003364,0.003364,,,,1.76E+18
47.1162201,-88.5504098,-2.866,-1.558,0.003721,0.003721,,,,1.76E+18
47.1162185,-88.5504134,-2.735,-1.869,0.004096,0.004096,,,,1.76E+18
47.1162167,-88.5504168,-2.51,-1.96,0.004225,0.004225,,,,1.76E+18
47.1162147,-88.5504199,-2.329,-2.277,0.004489,0.004489,,,,1.76E+18
47.1162125,-88.5504227,-2.108,-2.409,0.004761,0.004761,,,,1.76E+18
47.1162103,-88.5504252,-1.84,-2.554,0.0049,0.0049,,,,1.76E+18
47.1162079,-88.5504274,-1.646,-2.681,0.004761,0.004761,,,,1.76E+18
47.1162041,-88.5504301,-1.2,-2.794,0.005329,0.005329,,,,1.76E+18
47.1162015,-88.5504315,-1.02,-2.894,0.005041,0.005041,,,,1.76E+18
47.1161987,-88.5504325,-0.738,-3.01,0.005329,0.005329,,,,1.76E+18
47.116196,-88.5504332,-0.498,-3.035,0.005476,0.005476,,,,1.76E+18
47.1161933,-88.5504336,-0.189,-3.032,0.005625,0.005625,,,,1.76E+18
47.1161905,-88.5504337,-0.015,-2.936,0.006241,0.006241,,,,1.76E+18
47.1161865,-88.550433,0.423,-2.96,0.006889,0.006889,,,,1.76E+18
47.1161839,-88.5504323,0.601,-2.906,0.0064,0.0064,,,,1.76E+18
47.1161813,-88.5504312,0.879,-2.822,0.0064,0.0064,,,,1.76E+18
47.1161777,-88.5504291,1.146,-2.657,0.006561,0.006561,,,,1.76E+18
47.1161754,-88.5504273,1.358,-2.532,0.005776,0.005776,,,,1.76E+18
47.1161732,-88.5504254,1.529,-2.425,0.005625,0.005625,,,,1.76E+18
47.1161711,-88.5504232,1.711,-2.331,0.005625,0.005625,,,,1.76E+18
47.1161692,-88.5504207,1.853,-2.086,0.005041,0.005041,,,,1.76E+18
47.1161674,-88.5504181,2.042,-2.014,0.005041,0.005041,,,,1.76E+18
47.116165,-88.5504138,2.259,-1.775,0.005329,0.005329,,,,1.76E+18
47.1161635,-88.5504107,2.402,-1.624,0.004761,0.004761,,,,1.76E+18
47.1161623,-88.5504074,2.486,-1.372,0.004356,0.004356,,,,1.76E+18
47.1161612,-88.550404,2.581,-1.227,0.004225,0.004225,,,,1.76E+18
47.1161602,-88.5504005,2.746,-0.998,0.003969,0.003969,,,,1.76E+18
47.1161596,-88.5503968,2.759,-0.765,0.003969,0.003969,,,,1.76E+18
47.116159,-88.5503932,2.804,-0.562,0.003721,0.003721,,,,1.76E+18
47.1161587,-88.5503893,2.895,-0.338,0.003481,0.003481,,,,1.76E+18
47.1161586,-88.5503855,2.941,-0.086,0.003136,0.003136,,,,1.76E+18
47.1161588,-88.5503797,2.902,0.202,0.003136,0.003136,,,,1.76E+18
47.1161592,-88.5503759,2.931,0.432,0.002916,0.002916,,,,1.76E+18
47.1161598,-88.550372,2.898,0.794,0.003136,0.003136,,,,1.76E+18
47.1161606,-88.5503683,2.858,0.931,0.003025,0.003025,,,,1.76E+18
47.1161622,-88.5503628,2.738,1.287,0.003364,0.003364,,,,1.76E+18
47.1161635,-88.5503593,2.662,1.517,0.003364,0.003364,,,,1.76E+18
47.1161651,-88.550356,2.521,1.82,0.0036,0.0036,,,,1.76E+18
47.1161669,-88.5503528,2.41,1.987,0.003721,0.003721,,,,1.76E+18
47.1161689,-88.5503498,2.231,2.2,0.003969,0.003969,,,,1.76E+18
47.116171,-88.550347,2.085,2.463,0.003969,0.003969,,,,1.76E+18
47.1161733,-88.5503445,1.842,2.617,0.004225,0.004225,,,,1.76E+18
47.1161758,-88.5503423,1.68,2.809,0.004096,0.004096,,,,1.76E+18
47.1161785,-88.5503404,1.406,3.007,0.004489,0.004489,,,,1.76E+18
47.1161812,-88.5503388,1.079,3.08,0.004624,0.004624,,,,1.76E+18
47.1161841,-88.5503375,0.955,3.2,0.0049,0.0049,,,,1.76E+18
47.1161886,-88.5503364,0.42,3.307,0.005476,0.005476,,,,1.76E+18
47.1161917,-88.5503361,0.187,3.425,0.005329,0.005329,,,,1.76E+18
47.1161947,-88.5503362,-0.176,3.359,0.005929,0.005929,,,,1.76E+18
47.1161993,-88.5503372,-0.639,3.337,0.006241,0.006241,,,,1.76E+18
47.1162023,-88.5503383,-0.929,3.408,0.006084,0.006084,,,,1.76E+18
47.1162052,-88.5503399,-1.228,3.231,0.006084,0.006084,,,,1.76E+18
47.1162081,-88.5503418,-1.559,3.2,0.006241,0.006241,,,,1.76E+18
47.1162123,-88.5503456,-2.056,2.999,0.0064,0.0064,,,,1.76E+18
47.1162148,-88.5503486,-2.318,2.839,0.005776,0.005776,,,,1.76E+18
47.1162183,-88.5503538,-2.789,2.476,0.005929,0.005929,,,,1.76E+18
47.1162204,-88.5503578,-3.086,2.284,0.0049,0.0049,,,,1.76E+18
47.1162222,-88.550362,-3.247,1.941,0.004624,0.004624,,,,1.76E+18
47.1162237,-88.5503666,-3.535,1.71,0.004225,0.004225,,,,1.76E+18
47.1162249,-88.5503714,-3.649,1.303,0.003844,0.003844,,,,1.76E+18
47.1162258,-88.5503763,-3.765,0.876,0.003364,0.003364,,,,1.76E+18
47.1162263,-88.5503814,-3.922,0.574,0.003136,0.003136,,,,1.76E+18
47.1162264,-88.5503892,-3.969,-0.074,0.003025,0.003025,,,,1.76E+18
47.1162261,-88.5503944,-3.926,-0.426,0.002916,0.002916,,,,1.76E+18
47.1162254,-88.5503995,-3.862,-0.865,0.003136,0.003136,,,,1.76E+18
47.1162243,-88.5504045,-3.765,-1.192,0.003249,0.003249,,,,1.76E+18
47.1162229,-88.5504092,-3.542,-1.657,0.003481,0.003481,,,,1.76E+18
47.1162212,-88.5504138,-3.43,-1.91,0.0036,0.0036,,,,1.76E+18
47.1162193,-88.550418,-3.191,-2.274,0.003969,0.003969,,,,1.76E+18
47.1162169,-88.550422,-2.897,-2.663,0.004225,0.004225,,,,1.76E+18
47.1162144,-88.5504255,-2.648,-2.879,0.004624,0.004624,,,,1.76E+18
47.1162116,-88.5504287,-2.325,-3.116,0.004624,0.004624,,,,1.76E+18
47.1162071,-88.5504326,-1.819,-3.429,0.005041,0.005041,,,,1.76E+18
47.116204,-88.5504347,-1.471,-3.58,0.004624,0.004624,,,,1.76E+18
47.1162006,-88.5504362,-1.102,-3.724,0.0049,0.0049,,,,1.76E+18
47.1161972,-88.5504373,-0.732,-3.806,0.005184,0.005184,,,,1.76E+18
47.1161937,-88.5504379,-0.346,-3.893,0.005625,0.005625,,,,1.76E+18
47.1161902,-88.5504379,0.047,-3.755,0.005929,0.005929,,,,1.76E+18
47.1161868,-88.5504375,0.391,-3.819,0.006084,0.006084,,,,1.76E+18
47.1161833,-88.5504365,0.798,-3.758,0.005929,0.005929,,,,1.76E+18
47.11618,-88.550435,1.149,-3.616,0.005776,0.005776,,,,1.76E+18
47.1161753,-88.550432,1.689,-3.421,0.005776,0.005776,,,,1.76E+18
47.1161724,-88.5504295,2.004,-3.253,0.005329,0.005329,,,,1.76E+18
47.1161684,-88.550425,2.439,-2.905,0.005476,0.005476,,,,1.76E+18
47.116166,-88.5504215,2.674,-2.659,0.005184,0.005184,,,,1.76E+18
47.1161628,-88.5504156,3.081,-2.201,0.005041,0.005041,,,,1.76E+18
47.1161609,-88.5504113,3.281,-2.001,0.004489,0.004489,,,,1.76E+18
47.1161594,-88.5504068,3.474,-1.639,0.004356,0.004356,,,,1.76E+18
47.1161582,-88.550402,3.65,-1.269,0.003969,0.003969,,,,1.76E+18
47.1161574,-88.5503971,3.785,-0.917,0.0036,0.0036,,,,1.76E+18
47.1161567,-88.5503894,3.934,-0.355,0.003364,0.003364,,,,1.76E+18
47.1161567,-88.5503842,3.942,0.03,0.003136,0.003136,,,,1.76E+18
47.116157,-88.5503791,3.92,0.412,0.002916,0.002916,,,,1.76E+18
47.1161577,-88.5503739,3.923,0.795,0.002916,0.002916,,,,1.76E+18
47.1161587,-88.5503689,3.794,1.252,0.002916,0.002916,,,,1.76E+18
47.1161601,-88.550364,3.719,1.646,0.003025,0.003025,,,,1.76E+18
47.1161619,-88.5503593,3.483,1.982,0.003364,0.003364,,,,1.76E+18
47.116164,-88.5503549,3.33,2.463,0.003721,0.003721,,,,1.76E+18
47.1161664,-88.5503507,3.105,2.745,0.003844,0.003844,,,,1.76E+18
47.1161706,-88.5503452,2.644,3.271,0.004225,0.004225,,,,1.76E+18
47.1161737,-88.5503421,2.267,3.586,0.004096,0.004096,,,,1.76E+18
47.1161789,-88.5503383,1.699,3.963,0.004761,0.004761,,,,1.76E+18
47.1161825,-88.5503365,1.291,4.028,0.005041,0.005041,,,,1.76E+18
47.1161883,-88.5503348,0.59,4.341,0.005625,0.005625,,,,1.76E+18
47.1161922,-88.5503345,0.145,4.387,0.005929,0.005929,,,,1.76E+18
47.1161961,-88.5503349,-0.313,4.308,0.006084,0.006084,,,,1.76E+18
47.1162,-88.5503358,-0.823,4.34,0.006084,0.006084,,,,1.76E+18
47.1162039,-88.5503374,-1.297,4.262,0.006084,0.006084,,,,1.76E+18
47.1162076,-88.5503396,-1.778,4.087,0.006084,0.006084,,,,1.76E+18
47.1162111,-88.5503425,-2.23,3.864,0.005929,0.005929,,,,1.76E+18
47.1162144,-88.5503459,-2.654,3.604,0.005929,0.005929,,,,1.76E+18
47.1162188,-88.550352,-3.249,3.127,0.005625,0.005625,,,,1.76E+18
47.1162212,-88.5503566,-3.534,2.696,0.0049,0.0049,,,,1.76E+18
47.1162234,-88.5503616,-3.852,2.37,0.004489,0.004489,,,,1.76E+18
47.1162251,-88.5503668,-4.046,1.851,0.003969,0.003969,,,,1.76E+18
47.1162265,-88.5503723,-4.245,1.395,0.0036,0.0036,,,,1.76E+18
47.1162273,-88.550378,-4.366,0.897,0.003249,0.003249,,,,1.76E+18
47.1162278,-88.5503839,-4.444,0.477,0.002916,0.002916,,,,1.76E+18
47.1162278,-88.5503897,-4.435,-0.153,0.002809,0.002809,,,,1.76E+18
47.1162273,-88.5503955,-4.381,-0.519,0.002809,0.002809,,,,1.76E+18
47.1162264,-88.5504012,-4.224,-1.071,0.003025,0.003025,,,,1.76E+18
47.1162251,-88.5504066,-4.07,-1.534,0.003364,0.003364,,,,1.76E+18
47.1162225,-88.5504142,-3.73,-2.163,0.004225,0.004225,,,,1.76E+18
47.1162203,-88.5504189,-3.506,-2.503,0.004356,0.004356,,,,1.76E+18
47.1162177,-88.5504231,-3.101,-2.838,0.004761,0.004761,,,,1.76E+18
47.1162149,-88.5504269,-2.783,-3.188,0.005184,0.005184,,,,1.76E+18
47.1162119,-88.5504302,-2.408,-3.422,0.005329,0.005329,,,,1.76E+18
47.1162069,-88.5504341,-1.809,-3.807,0.005929,0.005929,,,,1.76E+18
47.1162034,-88.550436,-1.372,-3.898,0.005776,0.005776,,,,1.76E+18
47.1161998,-88.5504374,-0.94,-3.993,0.005929,0.005929,,,,1.76E+18
47.116196,-88.5504382,-0.565,-4.141,0.0064,0.0064,,,,1.76E+18
47.1161923,-88.5504384,-0.103,-4.073,0.006724,0.006724,,,,1.76E+18
47.1161886,-88.5504381,0.35,-4.04,0.006889,0.006889,,,,1.76E+18
47.116185,-88.5504372,0.823,-4.027,0.006561,0.006561,,,,1.76E+18
47.1161815,-88.5504357,1.18,-3.902,0.005776,0.005776,,,,1.76E+18
47.1161782,-88.5504338,1.579,-3.68,0.005625,0.005625,,,,1.76E+18
47.116175,-88.5504313,1.911,-3.498,0.005329,0.005329,,,,1.76E+18
47.116172,-88.5504284,2.26,-3.297,0.005329,0.005329,,,,1.76E+18
47.1161693,-88.5504251,2.554,-3.019,0.005329,0.005329,,,,1.76E+18
47.1161668,-88.5504214,2.882,-2.754,0.005184,0.005184,,,,1.76E+18
47.1161646,-88.5504174,3.112,-2.413,0.0049,0.0049,,,,1.76E+18
47.1161617,-88.5504107,3.441,-2.022,0.0049,0.0049,,,,1.76E+18
47.1161603,-88.550406,3.665,-1.616,0.004356,0.004356,,,,1.76E+18
47.1161592,-88.550401,3.783,-1.199,0.003844,0.003844,,,,1.76E+18
47.1161584,-88.5503958,3.975,-0.89,0.003844,0.003844,,,,1.76E+18
47.1161579,-88.5503906,4.02,-0.427,0.003721,0.003721,,,,1.76E+18
47.1161578,-88.5503852,4.07,-0.077,0.003481,0.003481,,,,1.76E+18
47.1161581,-88.5503799,4.064,0.395,0.003364,0.003364,,,,1.76E+18
47.1161588,-88.5503745,4.013,0.794,0.003249,0.003249,,,,1.76E+18
47.1161598,-88.5503694,3.93,1.208,0.003136,0.003136,,,,1.76E+18
47.1161612,-88.5503643,3.813,1.643,0.003249,0.003249,,,,1.76E+18
47.1161629,-88.5503595,3.607,1.979,0.003481,0.003481,,,,1.76E+18
47.1161662,-88.5503528,3.294,2.599,0.004096,0.004096,,,,1.76E+18
47.1161689,-88.5503488,3.013,2.985,0.003969,0.003969,,,,1.76E+18
47.1161718,-88.5503452,2.717,3.314,0.004225,0.004225,,,,1.76E+18
47.116175,-88.550342,2.317,3.667,0.004356,0.004356,,,,1.76E+18
47.1161784,-88.5503393,1.931,3.827,0.004624,0.004624,,,,1.76E+18
47.1161839,-88.5503363,1.294,4.113,0.005329,0.005329,,,,1.76E+18
47.1161878,-88.550335,0.899,4.311,0.005476,0.005476,,,,1.76E+18
47.1161938,-88.5503344,0.085,4.419,0.0064,0.0064,,,,1.76E+18
47.1161978,-88.5503347,-0.321,4.391,0.006084,0.006084,,,,1.76E+18
47.1162016,-88.5503357,-0.883,4.42,0.006241,0.006241,,,,1.76E+18
47.1162055,-88.5503374,-1.357,4.238,0.006084,0.006084,,,,1.76E+18
47.1162092,-88.5503396,-1.804,4.149,0.005929,0.005929,,,,1.76E+18
47.1162144,-88.5503441,-2.504,3.72,0.0064,0.0064,,,,1.76E+18
47.1162175,-88.5503479,-2.947,3.45,0.005041,0.005041,,,,1.76E+18
47.1162204,-88.5503521,-3.247,3.078,0.005041,0.005041,,,,1.76E+18
47.1162229,-88.5503568,-3.618,2.745,0.004624,0.004624,,,,1.76E+18
47.116225,-88.5503618,-3.881,2.308,0.004225,0.004225,,,,1.76E+18
47.1162268,-88.5503672,-4.152,1.901,0.003844,0.003844,,,,1.76E+18
47.1162281,-88.5503728,-4.277,1.371,0.0036,0.0036,,,,1.76E+18
47.1162289,-88.5503785,-4.414,0.895,0.003364,0.003364,,,,1.76E+18
47.1162293,-88.5503844,-4.483,0.395,0.003136,0.003136,,,,1.76E+18
47.1162293,-88.5503903,-4.486,-0.135,0.002809,0.002809,,,,1.76E+18
47.1162288,-88.5503961,-4.392,-0.631,0.002916,0.002916,,,,1.76E+18
47.1162278,-88.5504018,-4.285,-1.135,0.003025,0.003025,,,,1.76E+18
47.1162265,-88.5504072,-4.11,-1.554,0.003249,0.003249,,,,1.76E+18
47.1162248,-88.5504124,-3.843,-2.005,0.003721,0.003721,,,,1.76E+18
47.1162215,-88.5504195,-3.461,-2.577,0.004225,0.004225,,,,1.76E+18
47.1162189,-88.5504237,-3.126,-2.958,0.004225,0.004225,,,,1.76E+18
47.116216,-88.5504275,-2.784,-3.28,0.004489,0.004489,,,,1.76E+18
47.1162113,-88.5504321,-2.172,-3.64,0.005041,0.005041,,,,1.76E+18
47.1162079,-88.5504346,-1.807,-3.83,0.004761,0.004761,,,,1.76E+18
47.1162043,-88.5504365,-1.334,-3.954,0.0049,0.0049,,,,1.76E+18
47.1162007,-88.5504378,-0.949,-4.038,0.005041,0.005041,,,,1.76E+18
47.1161951,-88.5504387,-0.284,-4.12,0.006084,0.006084,,,,1.76E+18
47.1161914,-88.5504386,0.152,-4.096,0.005929,0.005929,,,,1.76E+18
47.1161877,-88.5504379,0.542,-4.04,0.005929,0.005929,,,,1.76E+18
47.1161842,-88.5504366,1.097,-3.972,0.005929,0.005929,,,,1.76E+18
47.1161807,-88.5504349,1.399,-3.754,0.005776,0.005776,,,,1.76E+18
47.1161775,-88.5504326,1.779,-3.587,0.005329,0.005329,,,,1.76E+18
47.1161744,-88.5504299,2.201,-3.407,0.005184,0.005184,,,,1.76E+18
47.1161715,-88.5504267,2.434,-3.096,0.005184,0.005184,,,,1.76E+18
47.1161689,-88.5504232,2.745,-2.895,0.005329,0.005329,,,,1.76E+18
47.1161665,-88.5504192,3.078,-2.575,0.005041,0.005041,,,,1.76E+18
47.1161645,-88.550415,3.281,-2.188,0.004761,0.004761,,,,1.76E+18
47.1161619,-88.5504081,3.604,-1.711,0.004489,0.004489,,,,1.76E+18
47.1161606,-88.5504031,3.76,-1.401,0.003969,0.003969,,,,1.76E+18
47.1161596,-88.550398,3.901,-0.994,0.003721,0.003721,,,,1.76E+18
47.116159,-88.5503928,4.017,-0.618,0.003481,0.003481,,,,1.76E+18
47.1161588,-88.5503874,4.126,-0.215,0.003249,0.003249,,,,1.76E+18
47.1161589,-88.5503819,4.183,0.205,0.003025,0.003025,,,,1.76E+18
47.1161599,-88.5503737,4.206,0.904,0.003025,0.003025,,,,1.76E+18
47.116161,-88.5503682,4.137,1.302,0.002916,0.002916,,,,1.76E+18
47.1161625,-88.5503629,4.036,1.792,0.003136,0.003136,,,,1.76E+18
47.1161656,-88.5503553,3.77,2.462,0.003481,0.003481,,,,1.76E+18
47.1161682,-88.5503507,3.46,2.946,0.003481,0.003481,,,,1.76E+18
47.1161711,-88.5503464,3.208,3.311,0.003844,0.003844,,,,1.76E+18
47.1161743,-88.5503426,2.822,3.745,0.003969,0.003969,,,,1.76E+18
47.116178,-88.5503392,2.429,4.028,0.004356,0.004356,,,,1.76E+18
47.1161838,-88.5503354,1.693,4.399,0.0049,0.0049,,,,1.76E+18
47.116188,-88.5503336,1.262,4.745,0.0049,0.0049,,,,1.76E+18
47.1161924,-88.5503325,0.764,4.862,0.005184,0.005184,,,,1.76E+18
47.1161968,-88.5503321,0.235,4.891,0.005476,0.005476,,,,1.76E+18
47.1162034,-88.550333,-0.745,4.893,0.0064,0.0064,,,,1.76E+18
47.1162078,-88.5503345,-1.268,4.863,0.006241,0.006241,,,,1.76E+18
47.116212,-88.5503368,-1.859,4.64,0.006084,0.006084,,,,1.76E+18
47.116216,-88.5503399,-2.47,4.442,0.005929,0.005929,,,,1.76E+18
47.1162197,-88.5503436,-2.958,4.042,0.006084,0.006084,,,,1.76E+18
47.1162246,-88.5503504,-3.638,3.568,0.005776,0.005776,,,,1.76E+18
47.1162275,-88.5503557,-4.032,3.081,0.005041,0.005041,,,,1.76E+18
47.1162299,-88.5503613,-4.391,2.556,0.004489,0.004489,,,,1.76E+18
47.1162318,-88.5503674,-4.638,2.03,0.003969,0.003969,,,,1.76E+18
47.1162331,-88.5503737,-4.857,1.397,0.0036,0.0036,,,,1.76E+18
47.1162339,-88.5503802,-4.982,0.859,0.003364,0.003364,,,,1.76E+18
47.1162343,-88.5503869,-5.089,0.276,0.003025,0.003025,,,,1.76E+18
47.116234,-88.5503935,-5.022,-0.336,0.002916,0.002916,,,,1.76E+18
47.1162332,-88.5504,-4.905,-0.987,0.003025,0.003025,,,,1.76E+18
47.116232,-88.5504063,-4.731,-1.53,0.003364,0.003364,,,,1.76E+18
47.1162302,-88.5504123,-4.47,-2.105,0.003844,0.003844,,,,1.76E+18
47.1162279,-88.550418,-4.204,-2.613,0.003844,0.003844,,,,1.76E+18
47.1162251,-88.5504232,-3.87,-3.069,0.004225,0.004225,,,,1.76E+18
47.1162221,-88.5504278,-3.422,-3.447,0.004624,0.004624,,,,1.76E+18
47.116217,-88.5504337,-2.781,-4.019,0.005329,0.005329,,,,1.76E+18
47.1162131,-88.5504369,-2.279,-4.289,0.005041,0.005041,,,,1.76E+18
47.1162091,-88.5504393,-1.749,-4.518,0.005041,0.005041,,,,1.76E+18
47.1162049,-88.5504411,-1.194,-4.69,0.005041,0.005041,,,,1.76E+18
47.1162006,-88.550442,-0.632,-4.767,0.005329,0.005329,,,,1.76E+18
47.1161941,-88.5504421,0.217,-4.88,0.006561,0.006561,,,,1.76E+18
47.1161899,-88.5504412,0.782,-4.595,0.006084,0.006084,,,,1.76E+18
47.1161857,-88.5504396,1.382,-4.585,0.005776,0.005776,,,,1.76E+18
47.1161818,-88.5504374,1.767,-4.369,0.005776,0.005776,,,,1.76E+18
47.116178,-88.5504345,2.201,-4.155,0.005329,0.005329,,,,1.76E+18
47.1161745,-88.550431,2.738,-3.812,0.0049,0.0049,,,,1.76E+18
47.1161713,-88.5504269,3.164,-3.482,0.0049,0.0049,,,,1.76E+18
47.1161685,-88.5504223,3.557,-3.137,0.004761,0.004761,,,,1.76E+18
47.1161661,-88.5504173,3.923,-2.679,0.004624,0.004624,,,,1.76E+18
47.116164,-88.5504118,4.22,-2.219,0.004356,0.004356,,,,1.76E+18
47.1161617,-88.550403,4.574,-1.463,0.003844,0.003844,,,,1.76E+18
47.1161608,-88.5503969,4.727,-0.914,0.003481,0.003481,,,,1.76E+18
47.1161604,-88.5503906,4.8,-0.417,0.003364,0.003364,,,,1.76E+18
47.1161604,-88.5503842,4.817,0.13,0.003025,0.003025,,,,1.76E+18
47.116161,-88.5503779,4.804,0.723,0.003025,0.003025,,,,1.76E+18
47.1161621,-88.5503717,4.682,1.262,0.003136,0.003136,,,,1.76E+18
47.1161636,-88.5503656,4.555,1.8,0.003249,0.003249,,,,1.76E+18
47.1161656,-88.5503599,4.293,2.368,0.003481,0.003481,,,,1.76E+18
47.1161682,-88.5503545,4.036,2.861,0.003721,0.003721,,,,1.76E+18
47.1161711,-88.5503496,3.705,3.301,0.003969,0.003969,,,,1.76E+18
47.1161762,-88.5503431,3.037,3.983,0.004489,0.004489,,,,1.76E+18
47.1161801,-88.5503395,2.623,4.315,0.004356,0.004356,,,,1.76E+18
47.1161842,-88.5503367,2.07,4.592,0.004761,0.004761,,,,1.76E+18
47.1161886,-88.5503345,1.533,4.928,0.005041,0.005041,,,,1.76E+18
47.1161931,-88.5503331,0.893,5.001,0.005329,0.005329,,,,1.76E+18
47.1161977,-88.5503326,0.288,5.102,0.005625,0.005625,,,,1.76E+18
47.1162023,-88.5503329,-0.446,5.153,0.006084,0.006084,,,,1.76E+18
47.1162069,-88.550334,-0.985,5.042,0.006084,0.006084,,,,1.76E+18
47.1162114,-88.5503359,-1.539,4.938,0.005929,0.005929,,,,1.76E+18
47.1162177,-88.5503403,-2.493,4.492,0.006241,0.006241,,,,1.76E+18
47.1162215,-88.5503441,-3.019,4.203,0.005625,0.005625,,,,1.76E+18
47.1162267,-88.550351,-3.673,3.682,0.005329,0.005329,,,,1.76E+18
47.1162296,-88.5503564,-4.108,3.154,0.004489,0.004489,,,,1.76E+18
47.116232,-88.5503621,-4.466,2.608,0.004225,0.004225,,,,1.76E+18
47.116234,-88.5503683,-4.74,2.061,0.003481,0.003481,,,,1.76E+18
47.1162353,-88.5503748,-4.965,1.427,0.003249,0.003249,,,,1.76E+18
47.1162362,-88.5503814,-5.073,0.856,0.003136,0.003136,,,,1.76E+18
47.1162364,-88.5503882,-5.124,0.207,0.002916,0.002916,,,,1.76E+18
47.1162361,-88.5503948,-5.067,-0.47,0.003025,0.003025,,,,1.76E+18
47.1162347,-88.5504046,-4.841,-1.285,0.003481,0.003481,,,,1.76E+18
47.1162321,-88.5504138,-4.525,-2.202,0.003844,0.003844,,,,1.76E+18
47.1162297,-88.5504194,-4.164,-2.734,0.003969,0.003969,,,,1.76E+18
47.1162269,-88.5504245,-3.807,-3.211,0.004356,0.004356,,,,1.76E+18
47.1162238,-88.5504291,-3.395,-3.499,0.004624,0.004624,,,,1.76E+18
47.1162203,-88.5504331,-2.97,-3.869,0.005041,0.005041,,,,1.76E+18
47.1162165,-88.5504365,-2.448,-4.267,0.005184,0.005184,,,,1.76E+18
47.1162126,-88.5504392,-1.963,-4.419,0.0049,0.0049,,,,1.76E+18
47.1162084,-88.5504412,-1.4,-4.677,0.005184,0.005184,,,,1.76E+18
47.1162041,-88.5504424,-0.861,-4.742,0.005476,0.005476,,,,1.76E+18
47.1161997,-88.550443,-0.274,-4.813,0.005776,0.005776,,,,1.76E+18
47.1161953,-88.5504427,0.288,-4.816,0.006241,0.006241,,,,1.76E+18
47.116191,-88.5504417,0.882,-4.696,0.006084,0.006084,,,,1.76E+18
47.116187,-88.55044,1.417,-4.581,0.005929,0.005929,,,,1.76E+18
47.116183,-88.5504376,1.92,-4.397,0.005476,0.005476,,,,1.76E+18
47.1161793,-88.5504346,2.363,-4.098,0.005184,0.005184,,,,1.76E+18
47.1161758,-88.5504309,2.858,-3.788,0.005041,0.005041,,,,1.76E+18
47.1161727,-88.5504267,3.265,-3.405,0.0049,0.0049,,,,1.76E+18
47.1161686,-88.5504195,3.818,-2.896,0.005184,0.005184,,,,1.76E+18
47.1161654,-88.5504114,4.232,-2.095,0.004356,0.004356,,,,1.76E+18
47.1161638,-88.5504056,4.48,-1.725,0.003969,0.003969,,,,1.76E+18
47.1161627,-88.5503995,4.645,-1.159,0.0036,0.0036,,,,1.76E+18
47.1161621,-88.5503932,4.777,-0.597,0.003364,0.003364,,,,1.76E+18
47.116162,-88.5503868,4.888,-0.079,0.003136,0.003136,,,,1.76E+18
47.1161624,-88.5503805,4.83,0.496,0.003025,0.003025,,,,1.76E+18
47.1161633,-88.5503742,4.721,1.067,0.003136,0.003136,,,,1.76E+18
47.1161646,-88.5503681,4.639,1.637,0.003025,0.003025,,,,1.76E+18
47.1161676,-88.5503594,4.31,2.501,0.0036,0.0036,,,,1.76E+18
47.1161703,-88.550354,3.951,2.974,0.003721,0.003721,,,,1.76E+18
47.1161733,-88.5503491,3.628,3.468,0.003969,0.003969,,,,1.76E+18
47.1161767,-88.5503448,3.203,3.905,0.004225,0.004225,,,,1.76E+18
47.1161804,-88.550341,2.781,4.2,0.004489,0.004489,,,,1.76E+18
47.1161845,-88.5503379,2.299,4.508,0.004761,0.004761,,,,1.76E+18
47.1161887,-88.5503355,1.699,4.811,0.005041,0.005041,,,,1.76E+18
47.1161933,-88.5503339,1.156,5.02,0.005184,0.005184,,,,1.76E+18
47.1161979,-88.5503331,0.475,5.061,0.005625,0.005625,,,,1.76E+18
47.1162025,-88.5503331,-0.178,5.199,0.005776,0.005776,,,,1.76E+18
47.1162094,-88.5503347,-1.043,5.053,0.006241,0.006241,,,,1.76E+18
47.1162138,-88.5503367,-1.689,4.898,0.005929,0.005929,,,,1.76E+18
47.1162181,-88.5503396,-2.295,4.617,0.005929,0.005929,,,,1.76E+18
47.1162239,-88.5503453,-3.134,4.178,0.006241,0.006241,,,,1.76E+18
47.1162273,-88.5503498,-3.527,3.774,0.005476,0.005476,,,,1.76E+18
47.1162304,-88.550355,-3.998,3.319,0.005041,0.005041,,,,1.76E+18
47.1162329,-88.5503606,-4.383,2.752,0.004624,0.004624,,,,1.76E+18
47.116235,-88.5503667,-4.655,2.255,0.004356,0.004356,,,,1.76E+18
47.1162365,-88.5503731,-4.936,1.619,0.003364,0.003364,,,,1.76E+18
47.1162375,-88.5503797,-4.988,0.961,0.003136,0.003136,,,,1.76E+18
47.1162379,-88.5503898,-5.146,0.085,0.003025,0.003025,,,,1.76E+18
47.1162375,-88.5503965,-5.047,-0.601,0.002916,0.002916,,,,1.76E+18
47.1162365,-88.550403,-4.925,-1.124,0.003025,0.003025,,,,1.76E+18
47.1162351,-88.5504094,-4.713,-1.703,0.003481,0.003481,,,,1.76E+18
47.116233,-88.5504153,-4.433,-2.327,0.003721,0.003721,,,,1.76E+18
47.1162306,-88.5504208,-4.108,-2.806,0.004096,0.004096,,,,1.76E+18
47.1162277,-88.5504258,-3.724,-3.246,0.004356,0.004356,,,,1.76E+18
47.1162245,-88.5504302,-3.277,-3.657,0.004761,0.004761,,,,1.76E+18
47.1162191,-88.5504358,-2.612,-4.225,0.005776,0.005776,,,,1.76E+18
47.1162152,-88.5504386,-2.008,-4.433,0.005041,0.005041,,,,1.76E+18
47.1162089,-88.5504415,-1.212,-4.723,0.005476,0.005476,,,,1.76E+18
47.1162046,-88.5504425,-0.649,-4.795,0.005476,0.005476,,,,1.76E+18
47.1162002,-88.5504428,-0.104,-4.802,0.005929,0.005929,,,,1.76E+18
47.1161959,-88.5504423,0.467,-4.795,0.006084,0.006084,,,,1.76E+18
47.1161916,-88.5504411,0.998,-4.638,0.005929,0.005929,,,,1.76E+18
47.1161876,-88.5504392,1.564,-4.472,0.005776,0.005776,,,,1.76E+18
47.1161837,-88.5504366,2.046,-4.287,0.005329,0.005329,,,,1.76E+18
47.1161783,-88.5504316,2.749,-3.833,0.005329,0.005329,,,,1.76E+18
47.1161751,-88.5504275,3.18,-3.472,0.005184,0.005184,,,,1.76E+18
47.1161723,-88.5504229,3.53,-3.141,0.005041,0.005041,,,,1.76E+18
47.1161697,-88.5504179,3.86,-2.78,0.004624,0.004624,,,,1.76E+18
47.1161676,-88.5504125,4.205,-2.28,0.004225,0.004225,,,,1.76E+18
47.1161659,-88.5504067,4.423,-1.76,0.003969,0.003969,,,,1.76E+18
47.1161647,-88.5504007,4.641,-1.298,0.003721,0.003721,,,,1.76E+18
47.116164,-88.5503945,4.765,-0.793,0.003481,0.003481,,,,1.76E+18
47.1161637,-88.5503881,4.858,-0.197,0.003249,0.003249,,,,1.76E+18
47.116164,-88.5503818,4.802,0.306,0.003136,0.003136,,,,1.76E+18
47.1161653,-88.5503724,4.744,1.227,0.003249,0.003249,,,,1.76E+18
47.1161668,-88.5503663,4.582,1.739,0.003249,0.003249,,,,1.76E+18
47.1161688,-88.5503604,4.337,2.288,0.003364,0.003364,,,,1.76E+18
47.1161712,-88.550355,4.08,2.82,0.0036,0.0036,,,,1.76E+18
47.1161741,-88.55035,3.745,3.256,0.003844,0.003844,,,,1.76E+18
47.1161775,-88.5503454,3.404,3.803,0.004225,0.004225,,,,1.76E+18
47.1161811,-88.5503413,2.993,4.184,0.004225,0.004225,,,,1.76E+18
47.1161852,-88.5503379,2.54,4.563,0.004624,0.004624,,,,1.76E+18
47.1161895,-88.5503351,1.988,4.888,0.004761,0.004761,,,,1.76E+18
47.1161941,-88.5503332,1.413,5.092,0.005041,0.005041,,,,1.76E+18
47.1161989,-88.550332,0.775,5.262,0.005476,0.005476,,,,1.76E+18
47.1162038,-88.5503317,0.081,5.451,0.005625,0.005625,,,,1.76E+18
47.1162086,-88.5503323,-0.556,5.398,0.005776,0.005776,,,,1.76E+18
47.1162135,-88.5503337,-1.203,5.375,0.005929,0.005929,,,,1.76E+18
47.1162182,-88.5503359,-1.833,5.173,0.005929,0.005929,,,,1.76E+18
47.1162227,-88.5503391,-2.489,4.886,0.005776,0.005776,,,,1.76E+18
47.1162268,-88.550343,-3.069,4.645,0.005776,0.005776,,,,1.76E+18
47.1162307,-88.5503477,-3.592,4.186,0.005476,0.005476,,,,1.76E+18
47.116234,-88.550353,-4.108,3.654,0.005041,0.005041,,,,1.76E+18
47.1162379,-88.5503622,-4.863,2.592,0.004761,0.004761,,,,1.76E+18
47.1162397,-88.5503688,-5.113,1.915,0.0036,0.0036,,,,1.76E+18
47.1162409,-88.5503757,-5.26,1.211,0.003249,0.003249,,,,1.76E+18
47.1162414,-88.5503827,-5.357,0.518,0.003025,0.003025,,,,1.76E+18
47.1162413,-88.5503897,-5.32,-0.196,0.002916,0.002916,,,,1.76E+18
47.1162405,-88.5503965,-5.185,-0.958,0.003025,0.003025,,,,1.76E+18
47.116239,-88.5504031,-4.935,-1.665,0.003249,0.003249,,,,1.76E+18
47.1162369,-88.5504092,-4.613,-2.318,0.0036,0.0036,,,,1.76E+18
47.1162344,-88.5504149,-4.224,-2.995,0.004096,0.004096,,,,1.76E+18
47.1162313,-88.5504199,-3.735,-3.539,0.004356,0.004356,,,,1.76E+18
47.1162277,-88.5504243,-3.28,-4.031,0.004761,0.004761,,,,1.76E+18
47.1162218,-88.5504298,-2.468,-4.469,0.005329,0.005329,,,,1.76E+18
47.1162175,-88.5504325,-1.926,-4.806,0.005184,0.005184,,,,1.76E+18
47.1162108,-88.5504352,-1.066,-5.042,0.005929,0.005929,,,,1.76E+18
47.1162061,-88.5504359,-0.401,-5.181,0.006084,0.006084,,,,1.76E+18
47.1162015,-88.5504357,0.195,-5.18,0.005929,0.005929,,,,1.76E+18
47.1161968,-88.5504346,0.935,-5.058,0.005776,0.005776,,,,1.76E+18
47.1161924,-88.5504328,1.541,-4.945,0.005776,0.005776,,,,1.76E+18
47.1161881,-88.5504301,2.133,-4.648,0.005329,0.005329,,,,1.76E+18
47.1161822,-88.5504248,2.916,-4.294,0.005625,0.005625,,,,1.76E+18
47.1161787,-88.5504204,3.442,-3.838,0.005184,0.005184,,,,1.76E+18
47.1161756,-88.5504153,3.908,-3.421,0.005184,0.005184,,,,1.76E+18
47.1161717,-88.5504068,4.472,-2.747,0.004624,0.004624,,,,1.76E+18
47.1161697,-88.5504005,4.799,-2.16,0.004096,0.004096,,,,1.76E+18
47.1161681,-88.550394,5.027,-1.674,0.003844,0.003844,,,,1.76E+18
47.1161672,-88.5503871,5.203,-0.913,0.003481,0.003481,,,,1.76E+18
47.1161669,-88.5503802,5.313,-0.302,0.003249,0.003249,,,,1.76E+18
47.1161672,-88.5503732,5.277,0.406,0.003025,0.003025,,,,1.76E+18
47.1161687,-88.5503628,5.162,1.365,0.003249,0.003249,,,,1.76E+18
47.1161704,-88.5503562,5.014,2.084,0.003136,0.003136,,,,1.76E+18
47.1161728,-88.5503498,4.726,2.668,0.003364,0.003364,,,,1.76E+18
47.1161757,-88.550344,4.377,3.296,0.003844,0.003844,,,,1.76E+18
47.1161791,-88.5503387,3.919,3.883,0.003969,0.003969,,,,1.76E+18
47.1161829,-88.550334,3.397,4.298,0.004225,0.004225,,,,1.76E+18
47.1161871,-88.55033,2.97,4.764,0.004489,0.004489,,,,1.76E+18
47.1161917,-88.5503269,2.196,5.161,0.0049,0.0049,,,,1.76E+18
47.1161964,-88.5503246,1.592,5.298,0.004624,0.004624,,,,1.76E+18
47.1162039,-88.5503229,0.484,5.693,0.005625,0.005625,,,,1.76E+18
47.116209,-88.5503229,-0.189,5.632,0.005625,0.005625,,,,1.76E+18
47.1162165,-88.5503248,-1.276,5.441,0.006724,0.006724,,,,1.76E+18
47.1162212,-88.5503274,-1.993,5.261,0.006241,0.006241,,,,1.76E+18
47.1162256,-88.5503307,-2.622,4.84,0.006084,0.006084,,,,1.76E+18
47.1162297,-88.5503349,-3.203,4.448,0.005776,0.005776,,,,1.76E+18
47.1162334,-88.5503398,-3.813,3.975,0.005625,0.005625,,,,1.76E+18
47.1162365,-88.5503454,-4.328,3.35,0.005041,0.005041,,,,1.76E+18
47.1162389,-88.5503515,-4.734,2.619,0.004225,0.004225,,,,1.76E+18
47.1162406,-88.550358,-4.96,1.78,0.003481,0.003481,,,,1.76E+18
47.1162416,-88.5503647,-5.172,0.979,0.002916,0.002916,,,,1.76E+18
47.1162418,-88.5503749,-5.112,-0.147,0.002809,0.002809,,,,1.76E+18
47.116241,-88.5503815,-4.989,-0.957,0.002916,0.002916,,,,1.76E+18
47.1162395,-88.5503878,-4.752,-1.694,0.003364,0.003364,,,,1.76E+18
47.1162375,-88.5503938,-4.493,-2.269,0.0036,0.0036,,,,1.76E+18
47.116235,-88.5503995,-4.247,-2.836,0.003844,0.003844,,,,1.76E+18
47.1162304,-88.5504071,-3.694,-3.547,0.004624,0.004624,,,,1.76E+18
47.116227,-88.5504115,-3.239,-3.939,0.004624,0.004624,,,,1.76E+18
47.1162212,-88.550417,-2.533,-4.429,0.005625,0.005625,,,,1.76E+18
47.116217,-88.5504199,-2.039,-4.707,0.005184,0.005184,,,,1.76E+18
47.1162125,-88.550422,-1.445,-4.984,0.005329,0.005329,,,,1.76E+18
47.1162079,-88.5504233,-0.867,-5.116,0.005476,0.005476,,,,1.76E+18
47.1162009,-88.5504238,-0.008,-5.188,0.0064,0.0064,,,,1.76E+18
47.1161963,-88.5504231,0.631,-5.137,0.006241,0.006241,,,,1.76E+18
47.1161917,-88.5504215,1.271,-5.011,0.006241,0.006241,,,,1.76E+18
47.1161874,-88.5504192,1.918,-4.821,0.006084,0.006084,,,,1.76E+18
47.1161832,-88.5504161,2.504,-4.588,0.005929,0.005929,,,,1.76E+18
47.1161775,-88.5504102,3.172,-4.127,0.006241,0.006241,,,,1.76E+18
47.1161741,-88.5504055,3.664,-3.734,0.005476,0.005476,,,,1.76E+18
47.1161711,-88.5504002,4.081,-3.26,0.005329,0.005329,,,,1.76E+18
47.1161685,-88.5503944,4.484,-2.814,0.004624,0.004624,,,,1.76E+18
47.1161664,-88.5503882,4.788,-2.197,0.004225,0.004225,,,,1.76E+18
47.1161643,-88.5503781,5.199,-1.384,0.003969,0.003969,,,,1.76E+18
47.1161636,-88.5503712,5.293,-0.774,0.003364,0.003364,,,,1.76E+18
47.1161634,-88.5503641,5.412,-0.142,0.003136,0.003136,,,,1.76E+18
47.1161638,-88.5503571,5.333,0.582,0.002809,0.002809,,,,1.76E+18
47.1161656,-88.5503467,5.209,1.586,0.003136,0.003136,,,,1.76E+18
47.1161675,-88.55034,5.007,2.244,0.003249,0.003249,,,,1.76E+18
47.11617,-88.5503337,4.749,2.777,0.003249,0.003249,,,,1.76E+18
47.1161729,-88.5503279,4.374,3.407,0.003481,0.003481,,,,1.76E+18
47.1161784,-88.5503201,3.706,4.186,0.004096,0.004096,,,,1.76E+18
47.1161846,-88.550314,2.879,4.864,0.004761,0.004761,,,,1.76E+18
47.1161894,-88.5503111,2.077,5.296,0.0049,0.0049,,,,1.76E+18
47.1161942,-88.5503089,1.607,5.353,0.005476,0.005476,,,,1.76E+18
47.1161992,-88.5503078,0.658,5.646,0.0049,0.0049,,,,1.76E+18
47.1162069,-88.5503079,-0.338,5.622,0.005929,0.005929,,,,1.76E+18
47.1162119,-88.5503092,-1.182,5.579,0.005776,0.005776,,,,1.76E+18
47.1162167,-88.5503115,-1.893,5.297,0.005776,0.005776,,,,1.76E+18
47.1162212,-88.5503148,-2.661,4.949,0.006084,0.006084,,,,1.76E+18
47.1162273,-88.5503213,-3.522,4.321,0.005776,0.005776,,,,1.76E+18
47.1162324,-88.5503294,-4.351,3.535,0.005041,0.005041,,,,1.76E+18
47.1162352,-88.5503355,-4.744,2.995,0.004225,0.004225,,,,1.76E+18
47.1162374,-88.5503421,-5.068,2.316,0.003721,0.003721,,,,1.76E+18
47.1162398,-88.5503562,-5.42,0.951,0.003136,0.003136,,,,1.76E+18
47.1162401,-88.5503635,-5.561,0.214,0.002916,0.002916,,,,1.76E+18
47.1162398,-88.5503707,-5.481,-0.471,0.002809,0.002809,,,,1.76E+18
47.1162388,-88.5503778,-5.316,-1.176,0.002916,0.002916,,,,1.76E+18
47.1162362,-88.5503879,-4.982,-2.193,0.003481,0.003481,,,,1.76E+18
47.1162338,-88.550394,-4.643,-2.761,0.0036,0.0036,,,,1.76E+18
47.1162309,-88.5503998,-4.28,-3.334,0.003844,0.003844,,,,1.76E+18
47.1162275,-88.5504049,-3.779,-3.791,0.004096,0.004096,,,,1.76E+18
47.1162237,-88.5504093,-3.245,-4.214,0.004624,0.004624,,,,1.76E+18
47.1162197,-88.5504129,-2.663,-4.51,0.004624,0.004624,,,,1.76E+18
47.1162153,-88.5504158,-2.081,-4.921,0.004761,0.004761,,,,1.76E+18
47.1162108,-88.5504178,-1.393,-5.1,0.0049,0.0049,,,,1.76E+18
47.116206,-88.550419,-0.78,-5.242,0.005329,0.005329,,,,1.76E+18
47.1161989,-88.5504192,0.213,-5.266,0.006241,0.006241,,,,1.76E+18
47.1161941,-88.5504182,0.895,-5.217,0.006084,0.006084,,,,1.76E+18
47.1161896,-88.5504164,1.546,-5.044,0.005625,0.005625,,,,1.76E+18
47.1161852,-88.5504137,2.141,-4.811,0.005329,0.005329,,,,1.76E+18
47.1161811,-88.5504103,2.757,-4.531,0.005329,0.005329,,,,1.76E+18
47.1161756,-88.5504039,3.49,-3.953,0.005776,0.005776,,,,1.76E+18
47.1161724,-88.5503989,3.963,-3.414,0.005184,0.005184,,,,1.76E+18
47.1161697,-88.5503932,4.389,-2.924,0.004761,0.004761,,,,1.76E+18
47.1161674,-88.5503871,4.708,-2.34,0.004356,0.004356,,,,1.76E+18
47.1161659,-88.5503807,4.984,-1.633,0.003969,0.003969,,,,1.76E+18
47.1161648,-88.5503739,5.189,-1.115,0.0036,0.0036,,,,1.76E+18
47.1161644,-88.5503634,5.375,-0.14,0.003136,0.003136,,,,1.76E+18
47.1161647,-88.5503564,5.347,0.578,0.003025,0.003025,,,,1.76E+18
47.1161658,-88.5503494,5.215,1.22,0.002916,0.002916,,,,1.76E+18
47.1161684,-88.5503395,4.949,2.231,0.003249,0.003249,,,,1.76E+18
47.1161708,-88.5503332,4.715,2.789,0.003249,0.003249,,,,1.76E+18
47.1161738,-88.5503274,4.337,3.388,0.003364,0.003364,,,,1.76E+18
47.1161773,-88.5503221,3.925,3.949,0.0036,0.0036,,,,1.76E+18
47.1161812,-88.5503175,3.319,4.378,0.004096,0.004096,,,,1.76E+18
47.1161854,-88.5503136,2.901,4.788,0.004225,0.004225,,,,1.76E+18
47.1161901,-88.5503107,2.12,5.253,0.004489,0.004489,,,,1.76E+18
47.1161949,-88.5503085,1.528,5.375,0.004356,0.004356,,,,1.76E+18
47.1162026,-88.550307,0.447,5.645,0.005476,0.005476,,,,1.76E+18
47.1162102,-88.5503077,-0.713,5.677,0.0064,0.0064,,,,1.76E+18
47.1162176,-88.5503105,-1.742,5.399,0.0064,0.0064,,,,1.76E+18
47.1162223,-88.5503136,-2.503,5.184,0.005929,0.005929,,,,1.76E+18
47.1162266,-88.5503174,-3.068,4.718,0.006084,0.006084,,,,1.76E+18
47.1162324,-88.5503248,-3.944,4.094,0.005776,0.005776,,,,1.76E+18
47.1162356,-88.5503304,-4.372,3.503,0.004761,0.004761,,,,1.76E+18
47.1162383,-88.5503366,-4.753,2.968,0.004489,0.004489,,,,1.76E+18
47.1162404,-88.5503433,-5.111,2.21,0.003844,0.003844,,,,1.76E+18
47.1162418,-88.5503503,-5.34,1.5,0.003249,0.003249,,,,1.76E+18
47.1162425,-88.5503574,-5.451,0.745,0.002916,0.002916,,,,1.76E+18
47.1162426,-88.5503645,-5.446,0.009,0.002809,0.002809,,,,1.76E+18
47.116242,-88.5503716,-5.302,-0.749,0.002809,0.002809,,,,1.76E+18
47.1162407,-88.5503784,-5.132,-1.532,0.003136,0.003136,,,,1.76E+18
47.1162387,-88.5503849,-4.842,-2.198,0.003364,0.003364,,,,1.76E+18
47.1162363,-88.5503909,-4.476,-2.773,0.003721,0.003721,,,,1.76E+18
47.1162333,-88.5503964,-4.122,-3.385,0.003969,0.003969,,,,1.76E+18
47.11623,-88.5504014,-3.623,-3.807,0.004356,0.004356,,,,1.76E+18
47.1162263,-88.5504056,-3.102,-4.237,0.004761,0.004761,,,,1.76E+18
47.1162202,-88.5504107,-2.287,-4.646,0.005329,0.005329,,,,1.76E+18
47.1162157,-88.5504132,-1.705,-4.986,0.005041,0.005041,,,,1.76E+18
47.1162111,-88.5504148,-1,-5.146,0.005184,0.005184,,,,1.76E+18
47.1162064,-88.5504154,-0.314,-5.164,0.005625,0.005625,,,,1.76E+18
47.1162017,-88.5504151,0.331,-5.16,0.005776,0.005776,,,,1.76E+18
47.1161971,-88.550414,0.993,-5.085,0.005776,0.005776,,,,1.76E+18
47.1161926,-88.550412,1.609,-4.945,0.005776,0.005776,,,,1.76E+18
47.1161883,-88.5504092,2.193,-4.694,0.005329,0.005329,,,,1.76E+18
47.1161825,-88.5504036,3.083,-4.208,0.005476,0.005476,,,,1.76E+18
47.1161789,-88.5503991,3.506,-3.855,0.005184,0.005184,,,,1.76E+18
47.1161758,-88.5503939,3.976,-3.339,0.0049,0.0049,,,,1.76E+18
47.116172,-88.5503852,4.587,-2.612,0.004761,0.004761,,,,1.76E+18
47.1161701,-88.5503788,4.948,-2,0.004096,0.004096,,,,1.76E+18
47.1161682,-88.5503685,5.381,-1.148,0.003721,0.003721,,,,1.76E+18
47.1161677,-88.5503612,5.528,-0.569,0.003249,0.003249,,,,1.76E+18
47.1161677,-88.5503538,5.614,0.165,0.003025,0.003025,,,,1.76E+18
47.1161684,-88.5503465,5.596,0.839,0.002916,0.002916,,,,1.76E+18
47.1161706,-88.5503356,5.417,1.896,0.003136,0.003136,,,,1.76E+18
47.1161742,-88.5503254,5.029,2.949,0.003481,0.003481,,,,1.76E+18
47.1161773,-88.5503191,4.667,3.589,0.003364,0.003364,,,,1.76E+18
47.1161809,-88.5503135,4.126,4.141,0.003721,0.003721,,,,1.76E+18
47.1161851,-88.5503086,3.619,4.78,0.003969,0.003969,,,,1.76E+18
47.1161922,-88.5503029,2.727,5.241,0.005041,0.005041,,,,1.76E+18
47.1161973,-88.5503002,1.871,5.737,0.004489,0.004489,,,,1.76E+18
47.1162026,-88.5502984,1.263,5.932,0.004761,0.004761,,,,1.76E+18
47.116208,-88.5502978,0.444,5.902,0.005184,0.005184,,,,1.76E+18
47.1162134,-88.5502981,-0.421,5.998,0.005476,0.005476,,,,1.76E+18
47.1162212,-88.5503009,-1.818,5.7,0.0064,0.0064,,,,1.76E+18
47.1162262,-88.550304,-2.48,5.438,0.006084,0.006084,,,,1.76E+18
47.1162307,-88.5503081,-3.217,4.951,0.006241,0.006241,,,,1.76E+18
47.1162348,-88.550313,-3.898,4.547,0.005625,0.005625,,,,1.76E+18
47.1162401,-88.5503218,-4.721,3.617,0.0049,0.0049,,,,1.76E+18
47.1162429,-88.5503285,-5.165,2.939,0.004096,0.004096,,,,1.76E+18
47.1162451,-88.5503356,-5.493,2.228,0.003721,0.003721,,,,1.76E+18
47.1162465,-88.550343,-5.666,1.511,0.003136,0.003136,,,,1.76E+18
47.1162472,-88.5503506,-5.822,0.689,0.003025,0.003025,,,,1.76E+18
47.1162471,-88.5503622,-5.795,-0.442,0.003025,0.003025,,,,1.76E+18
47.1162461,-88.5503697,-5.66,-1.191,0.003025,0.003025,,,,1.76E+18
47.1162444,-88.5503769,-5.403,-1.949,0.003481,0.003481,,,,1.76E+18
47.1162421,-88.5503837,-5.073,-2.655,0.003844,0.003844,,,,1.76E+18
47.1162391,-88.55039,-4.704,-3.339,0.004225,0.004225,,,,1.76E+18
47.1162357,-88.5503956,-4.153,-3.866,0.004624,0.004624,,,,1.76E+18
47.1162319,-88.5504005,-3.643,-4.341,0.0049,0.0049,,,,1.76E+18
47.1162276,-88.5504046,-3.007,-4.86,0.005329,0.005329,,,,1.76E+18
47.116223,-88.5504079,-2.41,-5.108,0.005184,0.005184,,,,1.76E+18
47.1162157,-88.5504113,-1.331,-5.568,0.005929,0.005929,,,,1.76E+18
47.1162106,-88.5504124,-0.624,-5.586,0.005929,0.005929,,,,1.76E+18
47.1162056,-88.5504124,0.239,-5.621,0.006084,0.006084,,,,1.76E+18
47.1162006,-88.5504113,0.949,-5.502,0.005929,0.005929,,,,1.76E+18
47.1161958,-88.5504093,1.73,-5.255,0.005776,0.005776,,,,1.76E+18
47.1161912,-88.5504064,2.473,-5.022,0.005625,0.005625,,,,1.76E+18
47.1161871,-88.5504025,3.166,-4.47,0.005329,0.005329,,,,1.76E+18
47.1161834,-88.5503977,3.795,-3.977,0.005041,0.005041,,,,1.76E+18
47.1161801,-88.5503924,4.228,-3.611,0.004761,0.004761,,,,1.76E+18
47.1161772,-88.5503864,4.663,-2.998,0.004489,0.004489,,,,1.76E+18
47.1161742,-88.5503766,5.139,-1.926,0.004225,0.004225,,,,1.76E+18
47.1161728,-88.5503695,5.413,-1.322,0.003721,0.003721,,,,1.76E+18
47.1161723,-88.5503622,5.525,-0.579,0.003364,0.003364,,,,1.76E+18
47.1161724,-88.5503548,5.619,0.201,0.003025,0.003025,,,,1.76E+18
47.1161731,-88.5503474,5.555,0.847,0.002916,0.002916,,,,1.76E+18
47.1161744,-88.5503402,5.431,1.623,0.003136,0.003136,,,,1.76E+18
47.1161764,-88.5503332,5.28,2.349,0.003364,0.003364,,,,1.76E+18
47.1161791,-88.5503266,4.922,3.009,0.003844,0.003844,,,,1.76E+18
47.1161823,-88.5503206,4.492,3.628,0.003721,0.003721,,,,1.76E+18
47.1161861,-88.5503151,3.94,4.392,0.003969,0.003969,,,,1.76E+18
47.1161903,-88.5503104,3.423,4.788,0.004225,0.004225,,,,1.76E+18
47.1161949,-88.5503066,2.642,5.22,0.0049,0.0049,,,,1.76E+18
47.1162025,-88.5503025,1.787,5.82,0.005329,0.005329,,,,1.76E+18
47.1162077,-88.550301,1.042,5.813,0.005184,0.005184,,,,1.76E+18
47.116213,-88.5503006,0.222,5.87,0.005476,0.005476,,,,1.76E+18
47.1162182,-88.5503014,-0.743,5.777,0.005625,0.005625,,,,1.76E+18
47.1162233,-88.5503033,-1.649,5.699,0.005929,0.005929,,,,1.76E+18
47.1162282,-88.5503063,-2.398,5.318,0.005929,0.005929,,,,1.76E+18
47.1162327,-88.5503102,-3.125,4.935,0.005776,0.005776,,,,1.76E+18
47.1162387,-88.5503176,-4.015,4.282,0.005625,0.005625,,,,1.76E+18
47.1162435,-88.5503267,-4.82,3.308,0.004624,0.004624,,,,1.76E+18
47.116246,-88.5503334,-5.191,2.635,0.003721,0.003721,,,,1.76E+18
47.1162479,-88.5503406,-5.485,1.883,0.003249,0.003249,,,,1.76E+18
47.116249,-88.5503479,-5.66,1.084,0.002916,0.002916,,,,1.76E+18
47.1162495,-88.5503554,-5.712,0.332,0.002704,0.002704,,,,1.76E+18
47.1162492,-88.550363,-5.693,-0.462,0.002809,0.002809,,,,1.76E+18
47.1162483,-88.5503703,-5.505,-1.287,0.003025,0.003025,,,,1.76E+18
47.1162466,-88.5503773,-5.261,-2.004,0.003364,0.003364,,,,1.76E+18
47.116243,-88.5503872,-4.812,-2.987,0.004225,0.004225,,,,1.76E+18
47.1162399,-88.550393,-4.34,-3.48,0.003844,0.003844,,,,1.76E+18
47.1162344,-88.5504006,-3.623,-4.319,0.004761,0.004761,,,,1.76E+18
47.1162302,-88.5504048,-3.04,-4.72,0.004761,0.004761,,,,1.76E+18
47.1162257,-88.5504082,-2.354,-5.075,0.005041,0.005041,,,,1.76E+18
47.116221,-88.5504107,-1.706,-5.283,0.005184,0.005184,,,,1.76E+18
47.1162161,-88.5504123,-1.026,-5.513,0.005776,0.005776,,,,1.76E+18
47.116211,-88.550413,-0.397,-5.643,0.006084,0.006084,,,,1.76E+18
47.116206,-88.5504127,0.429,-5.579,0.006084,0.006084,,,,1.76E+18
47.1161988,-88.5504103,1.558,-5.202,0.005625,0.005625,,,,1.76E+18
47.1161922,-88.5504057,2.699,-4.754,0.005625,0.005625,,,,1.76E+18
47.1161867,-88.550399,3.67,-3.903,0.005476,0.005476,,,,1.76E+18
47.1161835,-88.5503936,4.253,-3.364,0.004761,0.004761,,,,1.76E+18
47.1161808,-88.5503876,4.678,-2.928,0.004356,0.004356,,,,1.76E+18
47.1161786,-88.5503811,5.022,-2.391,0.004096,0.004096,,,,1.76E+18
47.116177,-88.5503743,5.292,-1.628,0.003844,0.003844,,,,1.76E+18
47.1161759,-88.550367,5.545,-1.009,0.0036,0.0036,,,,1.76E+18
47.1161755,-88.5503597,5.621,-0.294,0.003136,0.003136,,,,1.76E+18
47.1161758,-88.5503522,5.695,0.483,0.002916,0.002916,,,,1.76E+18
47.1161774,-88.5503413,5.412,1.562,0.003025,0.003025,,,,1.76E+18
47.1161794,-88.5503343,5.252,2.235,0.003136,0.003136,,,,1.76E+18
47.1161835,-88.5503249,4.553,3.381,0.0036,0.0036,,,,1.76E+18
47.116187,-88.5503194,4.114,4.069,0.0036,0.0036,,,,1.76E+18
47.116191,-88.5503146,3.397,4.569,0.003721,0.003721,,,,1.76E+18
47.1161955,-88.5503109,2.644,5.058,0.004096,0.004096,,,,1.76E+18
47.1162002,-88.550308,2.037,5.309,0.004489,0.004489,,,,1.76E+18
47.1162079,-88.5503055,0.945,5.65,0.005184,0.005184,,,,1.76E+18
47.1162131,-88.5503051,0.178,5.828,0.005184,0.005184,,,,1.76E+18
47.116221,-88.5503065,-1.083,5.783,0.005625,0.005625,,,,1.76E+18
47.1162261,-88.5503086,-1.758,5.641,0.005625,0.005625,,,,1.76E+18
47.1162309,-88.5503117,-2.48,5.306,0.005929,0.005929,,,,1.76E+18
47.1162355,-88.5503157,-3.195,5.047,0.005776,0.005776,,,,1.76E+18
47.1162416,-88.5503233,-4.095,4.293,0.005329,0.005329,,,,1.76E+18
47.1162451,-88.5503293,-4.62,3.76,0.004761,0.004761,,,,1.76E+18
47.116248,-88.5503358,-5.121,3.067,0.004225,0.004225,,,,1.76E+18
47.116251,-88.5503466,-5.594,1.89,0.003721,0.003721,,,,1.76E+18
47.1162521,-88.5503542,-5.782,1.084,0.003136,0.003136,,,,1.76E+18
47.1162524,-88.5503656,-5.865,-0.072,0.003025,0.003025,,,,1.76E+18
47.1162518,-88.5503732,-5.707,-0.891,0.002916,0.002916,,,,1.76E+18
47.1162504,-88.5503804,-5.481,-1.659,0.003136,0.003136,,,,1.76E+18
47.1162484,-88.5503873,-5.161,-2.318,0.003364,0.003364,,,,1.76E+18
47.1162457,-88.5503937,-4.773,-3.007,0.0036,0.0036,,,,1.76E+18
47.1162425,-88.5503994,-4.247,-3.644,0.003969,0.003969,,,,1.76E+18
47.116237,-88.5504066,-3.307,-4.352,0.004761,0.004761,,,,1.76E+18
47.1162305,-88.5504117,-2.305,-4.941,0.0049,0.0049,,,,1.76E+18
47.1162258,-88.550414,-1.606,-5.195,0.0049,0.0049,,,,1.76E+18
47.116221,-88.5504152,-0.785,-5.252,0.005329,0.005329,,,,1.76E+18
47.1162165,-88.5504153,0.064,-5.029,0.005929,0.005929,,,,1.76E+18
47.1162122,-88.5504144,0.812,-4.485,0.005625,0.005625,,,,1.76E+18
47.1162085,-88.5504127,1.386,-4.084,0.005476,0.005476,,,,1.76E+18
47.1162053,-88.5504102,1.915,-3.483,0.005476,0.005476,,,,1.76E+18
47.1162027,-88.5504072,2.377,-2.836,0.005184,0.005184,,,,1.76E+18
47.1162005,-88.550404,2.455,-2.442,0.005184,0.005184,,,,1.76E+18
47.1161973,-88.5503995,2.168,-2.296,0.005329,0.005329,,,,1.76E+18
47.1161953,-88.5503967,2.09,-2.205,0.005041,0.005041,,,,1.76E+18
47.1161934,-88.550394,1.989,-2.067,0.005041,0.005041,,,,1.76E+18
47.1161917,-88.5503916,1.821,-1.985,0.0049,0.0049,,,,1.76E+18
47.11619,-88.5503893,1.734,-1.84,0.005041,0.005041,,,,1.76E+18
47.1161877,-88.5503861,1.576,-1.689,0.005776,0.005776,,,,1.76E+18
47.1161862,-88.5503841,1.518,-1.621,0.005329,0.005329,,,,1.76E+18
47.1161847,-88.5503821,1.576,-1.656,0.005184,0.005184,,,,1.76E+18
47.1161818,-88.550378,2.251,-2.324,0.005625,0.005625,,,,1.76E+18
47.1161785,-88.5503735,2.212,-2.421,0.005625,0.005625,,,,1.76E+18
47.1161766,-88.5503708,1.96,-2.13,0.005329,0.005329,,,,1.76E+18
47.1161747,-88.5503683,1.966,-2.036,0.005184,0.005184,,,,1.76E+18
47.1161729,-88.5503659,1.812,-1.95,0.005184,0.005184,,,,1.76E+18
47.1161705,-88.5503625,1.648,-1.813,0.005476,0.005476,,,,1.76E+18
47.1161689,-88.5503605,1.491,-1.727,0.005184,0.005184,,,,1.76E+18
47.1161673,-88.5503586,1.441,-1.718,0.005184,0.005184,,,,1.76E+18
47.1161659,-88.5503568,1.348,-1.675,0.005184,0.005184,,,,1.76E+18
47.1161641,-88.5503548,1.506,-1.993,0.005329,0.005329,,,,1.76E+18
47.1161623,-88.5503527,1.565,-2.042,0.005329,0.005329,,,,1.76E+18
47.1161605,-88.5503507,1.539,-2.062,0.005329,0.005329,,,,1.76E+18
47.1161584,-88.5503487,1.498,-2.252,0.005476,0.005476,,,,1.76E+18
47.1161564,-88.5503466,1.547,-2.295,0.005329,0.005329,,,,1.76E+18
47.1161543,-88.5503447,1.412,-2.243,0.005184,0.005184,,,,1.76E+18
47.1161523,-88.550343,1.31,-2.257,0.005041,0.005041,,,,1.76E+18
47.1161503,-88.5503412,1.343,-2.259,0.005041,0.005041,,,,1.76E+18
47.1161483,-88.5503395,1.32,-2.285,0.005329,0.005329,,,,1.76E+18
47.1161452,-88.5503371,1.197,-2.331,0.005329,0.005329,,,,1.76E+18
47.1161421,-88.5503346,1.255,-2.266,0.005184,0.005184,,,,1.76E+18
47.1161401,-88.5503331,1.138,-2.227,0.005041,0.005041,,,,1.76E+18
47.1161382,-88.5503316,1.152,-2.17,0.005041,0.005041,,,,1.76E+18
47.1161363,-88.5503302,1.06,-2.021,0.005041,0.005041,,,,1.76E+18
47.1161338,-88.5503283,0.91,-1.813,0.005476,0.005476,,,,1.76E+18
47.1161322,-88.5503272,0.839,-1.767,0.005184,0.005184,,,,1.76E+18
47.1161307,-88.5503261,0.808,-1.599,0.005041,0.005041,,,,1.76E+18
47.1161293,-88.550325,0.789,-1.567,0.005041,0.005041,,,,1.76E+18
47.116128,-88.550324,0.825,-1.462,0.005184,0.005184,,,,1.76E+18
47.1161262,-88.5503224,0.801,-1.299,0.005476,0.005476,,,,1.76E+18
47.1161251,-88.5503213,0.847,-1.236,0.005041,0.005041,,,,1.76E+18
47.1161239,-88.5503201,0.888,-1.255,0.0049,0.0049,,,,1.76E+18
47.1161228,-88.5503189,0.942,-1.32,0.004624,0.004624,,,,1.76E+18
47.1161211,-88.5503169,1.041,-1.238,0.005476,0.005476,,,,1.76E+18
47.11612,-88.5503154,1.108,-1.295,0.005329,0.005329,,,,1.76E+18
47.1161188,-88.5503139,1.135,-1.258,0.005041,0.005041,,,,1.76E+18
47.1161172,-88.5503115,1.289,-1.218,0.005476,0.005476,,,,1.76E+18
47.1161161,-88.5503098,1.3,-1.242,0.005184,0.005184,,,,1.76E+18
47.1161144,-88.5503072,1.263,-1.237,0.005476,0.005476,,,,1.76E+18
47.1161133,-88.5503055,1.304,-1.25,0.005041,0.005041,,,,1.76E+18
47.1161122,-88.5503038,1.365,-1.261,0.005041,0.005041,,,,1.76E+18
47.116111,-88.5503021,1.275,-1.312,0.005041,0.005041,,,,1.76E+18
47.1161093,-88.5502995,1.379,-1.278,0.005625,0.005625,,,,1.76E+18
47.1161081,-88.5502977,1.36,-1.353,0.005329,0.005329,,,,1.76E+18
47.1161069,-88.5502959,1.296,-1.373,0.005476,0.005476,,,,1.76E+18
47.1161056,-88.5502941,1.39,-1.406,0.005329,0.005329,,,,1.76E+18
47.1161043,-88.5502923,1.387,-1.343,0.005184,0.005184,,,,1.76E+18
47.1161024,-88.5502896,1.347,-1.493,0.005776,0.005776,,,,1.76E+18
47.1161012,-88.5502877,1.361,-1.335,0.005476,0.005476,,,,1.76E+18
47.1160999,-88.5502859,1.397,-1.432,0.005625,0.005625,,,,1.76E+18
47.1160985,-88.5502841,1.331,-1.476,0.005776,0.005776,,,,1.76E+18
47.1160973,-88.5502823,1.299,-1.442,0.005776,0.005776,,,,1.76E+18
47.1160959,-88.5502805,1.367,-1.5,0.005625,0.005625,,,,1.76E+18
47.1160947,-88.5502788,1.292,-1.401,0.005476,0.005476,,,,1.76E+18
47.1160928,-88.5502762,1.387,-1.446,0.005776,0.005776,,,,1.76E+18
47.1160915,-88.5502745,1.31,-1.408,0.005476,0.005476,,,,1.76E+18
47.1160896,-88.5502719,1.312,-1.378,0.005929,0.005929,,,,1.76E+18
47.1160884,-88.5502701,1.383,-1.362,0.005625,0.005625,,,,1.76E+18
47.1160871,-88.5502684,1.309,-1.398,0.005776,0.005776,,,,1.76E+18
47.1160859,-88.5502667,1.337,-1.383,0.005625,0.005625,,,,1.76E+18
47.1160846,-88.5502647,1.421,-1.397,0.005625,0.005625,,,,1.76E+18
47.1160832,-88.5502627,1.58,-1.622,0.005625,0.005625,,,,1.76E+18
47.1160818,-88.5502606,1.591,-1.552,0.005476,0.005476,,,,1.76E+18
47.1160804,-88.5502585,1.569,-1.533,0.005625,0.005625,,,,1.76E+18
47.1160792,-88.5502566,1.435,-1.378,0.005625,0.005625,,,,1.76E+18
47.116078,-88.5502548,1.349,-1.292,0.005625,0.005625,,,,1.76E+18
47.1160767,-88.5502529,1.391,-1.384,0.005329,0.005329,,,,1.76E+18
47.1160755,-88.550251,1.448,-1.33,0.005184,0.005184,,,,1.76E+18
47.1160744,-88.5502492,1.357,-1.286,0.005041,0.005041,,,,1.76E+18
47.1160731,-88.5502474,1.381,-1.305,0.005041,0.005041,,,,1.76E+18
47.116072,-88.5502455,1.393,-1.361,0.005184,0.005184,,,,1.76E+18
47.1160708,-88.5502437,1.315,-1.351,0.005184,0.005184,,,,1.76E+18
47.116069,-88.550241,1.403,-1.393,0.005476,0.005476,,,,1.76E+18
47.1160671,-88.5502383,1.35,-1.355,0.005625,0.005625,,,,1.76E+18
47.1160652,-88.5502355,1.378,-1.403,0.005625,0.005625,,,,1.76E+18
47.1160639,-88.5502337,1.358,-1.473,0.005476,0.005476,,,,1.76E+18
47.1160626,-88.5502318,1.417,-1.344,0.005329,0.005329,,,,1.76E+18
47.1160614,-88.5502301,1.334,-1.377,0.005476,0.005476,,,,1.76E+18
47.1160602,-88.5502284,1.242,-1.212,0.005329,0.005329,,,,1.76E+18
47.1160591,-88.5502269,1.139,-1.233,0.005329,0.005329,,,,1.76E+18
47.1160581,-88.5502255,0.982,-1.08,0.005476,0.005476,,,,1.76E+18
47.1160571,-88.5502242,0.945,-1.074,0.005625,0.005625,,,,1.76E+18
47.1160563,-88.5502231,0.803,-0.928,0.005476,0.005476,,,,1.76E+18
47.1160555,-88.5502221,0.76,-0.878,0.005625,0.005625,,,,1.76E+18
47.1160548,-88.5502211,0.728,-0.785,0.005329,0.005329,,,,1.76E+18
47.1160537,-88.5502198,0.652,-0.857,0.005929,0.005929,,,,1.76E+18
47.116053,-88.5502189,0.738,-0.796,0.005184,0.005184,,,,1.76E+18
47.1160522,-88.550218,0.646,-0.859,0.005476,0.005476,,,,1.76E+18
47.1160515,-88.5502171,0.724,-0.779,0.005476,0.005476,,,,1.76E+18
47.1160504,-88.5502157,0.734,-0.788,0.005625,0.005625,,,,1.76E+18
47.1160497,-88.5502147,0.697,-0.749,0.005041,0.005041,,,,1.76E+18
47.1160486,-88.5502133,0.766,-0.792,0.005476,0.005476,,,,1.76E+18
47.1160476,-88.5502117,0.785,-0.682,0.0049,0.0049,,,,1.76E+18
47.116047,-88.5502108,0.758,-0.702,0.0049,0.0049,,,,1.76E+18
47.1160464,-88.5502098,0.65,-0.675,0.005041,0.005041,,,,1.76E+18
47.1160457,-88.5502087,0.594,-0.517,0.0049,0.0049,,,,1.76E+18
47.1160452,-88.5502078,0.669,-0.579,0.0049,0.0049,,,,1.76E+18
47.1160446,-88.5502069,0.638,-0.64,0.005184,0.005184,,,,1.76E+18
47.1160441,-88.550206,0.722,-0.559,0.0049,0.0049,,,,1.76E+18
47.1160435,-88.5502051,0.754,-0.607,0.0049,0.0049,,,,1.76E+18
47.116043,-88.5502041,0.722,-0.599,0.005041,0.005041,,,,1.76E+18
47.1160424,-88.550203,0.598,-0.424,0.005184,0.005184,,,,1.76E+18
47.1160419,-88.5502022,0.515,-0.498,0.005329,0.005329,,,,1.76E+18
47.1160416,-88.5502016,0.456,-0.309,0.005184,0.005184,,,,1.76E+18
47.1160414,-88.5502011,0.365,-0.275,0.005329,0.005329,,,,1.76E+18
47.1160411,-88.5502006,0.321,-0.343,0.005776,0.005776,,,,1.76E+18
47.1160409,-88.5502003,0.231,-0.169,0.005184,0.005184,,,,1.76E+18
47.1160408,-88.5502001,0.179,-0.165,0.005476,0.005476,,,,1.76E+18
47.1160407,-88.5501999,0.162,-0.122,0.005184,0.005184,,,,1.76E+18
47.1160407,-88.5501996,0.049,-0.025,0.0049,0.0049,,,,1.76E+18
47.1160407,-88.5501996,0.029,-0.032,0.003249,0.003249,,,,1.76E+18
47.1160407,-88.5501996,0.007,0.033,0.002809,0.002809,,,,1.76E+18
47.1160406,-88.5501998,-0.053,0.003,0.003364,0.003364,,,,1.76E+18
47.1160405,-88.5501999,-0.022,0.015,0.0049,0.0049,,,,1.76E+18
47.1160406,-88.5502001,-0.112,0.034,0.004096,0.004096,,,,1.76E+18
47.1160405,-88.5502001,-0.01,-0.045,0.003364,0.003364,,,,1.76E+18
47.1160405,-88.5502001,0.011,0.094,0.007569,0.007569,,,,1.76E+18
47.1160405,-88.5502002,-0.031,-0.001,0.003364,0.003364,,,,1.76E+18
47.1160405,-88.5502001,0.029,-0.043,0.005476,0.005476,,,,1.76E+18
47.1160405,-88.5502,0.036,-0.002,0.005625,0.005625,,,,1.76E+18
47.1160405,-88.5501998,0.1,-0.005,0.005625,0.005625,,,,1.76E+18
47.1160405,-88.5501997,0.037,0.025,0.005329,0.005329,,,,1.76E+18
47.1160405,-88.5501996,0.048,-0.028,0.004624,0.004624,,,,1.76E+18
47.1160404,-88.5501994,0.124,-0.072,0.006084,0.006084,,,,1.76E+18
47.1160403,-88.5501992,0.094,-0.09,0.005041,0.005041,,,,1.76E+18
47.1160402,-88.5501991,0.138,-0.113,0.005625,0.005625,,,,1.76E+18
47.1160399,-88.5501987,0.198,-0.165,0.006241,0.006241,,,,1.76E+18
47.1160398,-88.5501985,0.148,-0.077,0.005041,0.005041,,,,1.76E+18
47.1160396,-88.5501983,0.179,-0.143,0.006561,0.006561,,,,1.76E+18
47.1160395,-88.5501981,0.137,-0.106,0.007056,0.007056,,,,1.76E+18
47.1160394,-88.550198,0.083,-0.004,0.004624,0.004624,,,,1.76E+18
47.1160394,-88.5501981,-0.017,-0.04,0.006241,0.006241,,,,1.76E+18
47.1160395,-88.550198,0.031,0.023,0.004489,0.004489,,,,1.76E+18
47.1160396,-88.550198,-0.025,0.04,0.005476,0.005476,,,,1.76E+18
47.1160397,-88.550198,-0.029,-0.084,0.005184,0.005184,,,,1.76E+18
47.1160397,-88.5501979,-0.024,0.149,0.006084,0.006084,,,,1.76E+18
47.1160396,-88.5501977,0.06,0.019,0.003249,0.003249,,,,1.76E+18
47.1160395,-88.5501974,0.228,-0.111,0.005329,0.005329,,,,1.76E+18
47.1160395,-88.5501969,0.397,-0.028,0.003364,0.003364,,,,1.76E+18
47.1160395,-88.5501963,0.433,-0.107,0.003721,0.003721,,,,1.76E+18
47.1160393,-88.5501958,0.282,-0.046,0.0036,0.0036,,,,1.76E+18
47.1160392,-88.5501956,0.136,-0.099,0.003844,0.003844,,,,1.76E+18
47.116039,-88.5501953,0.121,-0.271,0.006889,0.006889,,,,1.76E+18
47.1160387,-88.5501951,0.05,-0.346,0.007569,0.007569,,,,1.76E+18
47.1160385,-88.5501949,0.195,-0.308,0.007569,0.007569,,,,1.76E+18
47.1160379,-88.5501945,0.227,-0.293,0.009604,0.009604,,,,1.76E+18
47.1160378,-88.5501942,0.227,-0.169,0.007225,0.007225,,,,1.76E+18
47.1160374,-88.5501936,0.197,-0.183,0.01,0.01,,,,1.76E+18
47.1160373,-88.5501933,0.195,-0.057,0.0049,0.0049,,,,1.76E+18
47.1160374,-88.5501931,0.059,0.095,0.003969,0.003969,,,,1.76E+18
47.1160375,-88.550193,0.133,0.084,0.002704,0.002704,,,,1.76E+18
47.1160377,-88.5501932,-0.078,0.167,0.007569,0.007569,,,,1.76E+18
47.1160379,-88.5501935,-0.233,0.265,0.007396,0.007396,,,,1.76E+18
47.1160381,-88.550194,-0.302,0.145,0.006084,0.006084,,,,1.76E+18
47.1160382,-88.5501948,-0.401,0.025,0.004624,0.004624,,,,1.76E+18
47.1160381,-88.5501953,-0.321,-0.084,0.003364,0.003364,,,,1.76E+18
47.116038,-88.5501959,-0.261,-0.006,0.003969,0.003969,,,,1.76E+18
47.1160378,-88.5501961,-0.131,-0.18,0.004356,0.004356,,,,1.76E+18
47.1160376,-88.550196,0.127,-0.211,0.007225,0.007225,,,,1.76E+18
47.1160375,-88.5501956,0.389,-0.166,0.005184,0.005184,,,,1.76E+18
47.1160374,-88.550195,0.509,-0.145,0.004489,0.004489,,,,1.76E+18
47.1160374,-88.5501939,0.566,0.055,0.0036,0.0036,,,,1.76E+18
47.1160373,-88.5501926,0.422,0.077,0.0036,0.0036,,,,1.76E+18
47.1160369,-88.5501916,0.397,-0.184,0.007569,0.007569,,,,1.76E+18
47.1160366,-88.550191,0.25,-0.146,0.009025,0.009025,,,,1.76E+18
47.1160368,-88.5501908,0.193,0.133,0.004096,0.004096,,,,1.76E+18
47.1160369,-88.5501904,0.218,0.083,0.0036,0.0036,,,,1.76E+18
47.116037,-88.5501902,0.026,0.079,0.0064,0.0064,,,,1.76E+18
47.1160371,-88.5501901,0.139,0.109,0.003249,0.003249,,,,1.76E+18
47.1160372,-88.5501899,0.139,0.085,0.002916,0.002916,,,,1.76E+18
47.1160372,-88.5501898,0.048,0.084,0.004624,0.004624,,,,1.76E+18
47.1160374,-88.5501898,0.053,0.159,0.005929,0.005929,,,,1.76E+18
47.1160376,-88.5501896,0.126,0.202,0.004225,0.004225,,,,1.76E+18
47.1160376,-88.5501893,0.23,0.086,0.0025,0.0025,,,,1.76E+18
47.1160378,-88.550189,0.176,0.07,0.002401,0.002401,,,,1.76E+18
47.1160378,-88.5501887,0.212,-0.021,0.003025,0.003025,,,,1.76E+18
47.1160377,-88.5501886,0.085,-0.065,0.005625,0.005625,,,,1.76E+18
47.1160377,-88.5501884,0.044,-0.074,0.007396,0.007396,,,,1.76E+18
47.1160376,-88.5501884,-0.008,-0.092,0.0064,0.0064,,,,1.76E+18
47.1160376,-88.5501885,-0.007,0.045,0.007225,0.007225,,,,1.76E+18
47.1160376,-88.5501885,0.075,0.09,0.004356,0.004356,,,,1.76E+18
47.1160378,-88.5501885,0.033,0.173,0.006241,0.006241,,,,1.76E+18
47.1160381,-88.5501886,-0.072,0.334,0.007396,0.007396,,,,1.76E+18
47.1160385,-88.5501886,-0.082,0.319,0.006889,0.006889,,,,1.76E+18
47.116039,-88.5501889,-0.213,0.461,0.0081,0.0081,,,,1.76E+18
47.1160395,-88.5501893,-0.338,0.505,0.008281,0.008281,,,,1.76E+18
47.1160401,-88.5501898,-0.372,0.421,0.007921,0.007921,,,,1.76E+18
47.1160403,-88.5501902,-0.346,0.292,0.007225,0.007225,,,,1.76E+18
47.1160403,-88.5501906,-0.187,-0.076,0.003481,0.003481,,,,1.76E+18
47.1160401,-88.5501908,-0.1,-0.132,0.005776,0.005776,,,,1.76E+18
47.1160399,-88.5501906,0.086,-0.267,0.009604,0.009604,,,,1.76E+18
47.1160391,-88.5501897,0.563,-0.381,0.007569,0.007569,,,,1.76E+18
47.1160389,-88.5501889,0.532,-0.183,0.005625,0.005625,,,,1.76E+18
47.1160386,-88.5501877,0.841,-0.42,0.006241,0.006241,,,,1.76E+18
47.1160381,-88.5501866,0.803,-0.494,0.007056,0.007056,,,,1.76E+18
47.1160375,-88.5501855,0.784,-0.428,0.005929,0.005929,,,,1.76E+18
47.1160369,-88.5501847,0.612,-0.639,0.007056,0.007056,,,,1.76E+18
47.1160361,-88.5501839,0.221,-0.634,0.009216,0.009216,,,,1.76E+18
47.1160355,-88.550184,-0.063,-0.621,0.006241,0.006241,,,,1.76E+18
47.1160347,-88.550184,-0.016,-0.96,0.0064,0.0064,,,,1.76E+18
47.1160339,-88.5501846,-0.456,-0.749,0.004225,0.004225,,,,1.76E+18
47.1160331,-88.5501851,-0.339,-0.813,0.005476,0.005476,,,,1.76E+18
47.1160324,-88.5501854,-0.219,-0.793,0.006241,0.006241,,,,1.76E+18
47.1160316,-88.5501858,-0.18,-0.827,0.005929,0.005929,,,,1.76E+18
47.1160308,-88.5501859,-0.168,-0.711,0.005476,0.005476,,,,1.76E+18
47.1160301,-88.5501862,-0.198,-0.776,0.005476,0.005476,,,,1.76E+18
47.1160294,-88.5501863,-0.108,-0.629,0.006241,0.006241,,,,1.76E+18
47.1160289,-88.5501865,-0.1,-0.468,0.0064,0.0064,,,,1.76E+18
47.1160284,-88.5501867,-0.049,-0.503,0.006889,0.006889,,,,1.76E+18
47.116028,-88.5501867,-0.072,-0.459,0.006561,0.006561,,,,1.76E+18
47.1160276,-88.5501865,-0.029,-0.381,0.006724,0.006724,,,,1.76E+18
47.1160272,-88.5501866,-0.081,-0.382,0.006084,0.006084,,,,1.76E+18
47.1160268,-88.5501866,0.035,-0.452,0.007225,0.007225,,,,1.76E+18
47.1160266,-88.5501866,0.054,-0.252,0.007225,0.007225,,,,1.76E+18
47.1160263,-88.5501865,0.004,-0.198,0.0064,0.0064,,,,1.76E+18
47.1160262,-88.5501865,0.02,-0.148,0.006724,0.006724,,,,1.76E+18
47.1160261,-88.5501864,0.031,-0.087,0.006889,0.006889,,,,1.76E+18
47.116026,-88.5501864,0.011,-0.072,0.006241,0.006241,,,,1.76E+18
47.116026,-88.5501865,-0.067,-0.03,0.002916,0.002916,,,,1.76E+18
47.116026,-88.5501865,0.009,-0.093,0.006889,0.006889,,,,1.76E+18
47.1160259,-88.5501866,-0.035,0.013,0.004624,0.004624,,,,1.76E+18
47.116026,-88.5501866,0.001,0.057,0.004624,0.004624,,,,1.76E+18
47.116026,-88.5501866,-0.016,0.032,0.004624,0.004624,,,,1.76E+18
47.116026,-88.5501867,-0.024,0.019,0.004225,0.004225,,,,1.76E+18
47.1160261,-88.5501867,0.006,0.034,0.004761,0.004761,,,,1.76E+18
47.1160261,-88.5501868,-0.082,0.06,0.005776,0.005776,,,,1.76E+18
47.1160259,-88.5501868,-0.028,-0.128,0.006561,0.006561,,,,1.76E+18
47.1160259,-88.5501869,-0.016,0.023,0.004489,0.004489,,,,1.76E+18
47.1160259,-88.5501869,-0.069,-0.038,0.004096,0.004096,,,,1.76E+18
47.1160259,-88.5501868,0.039,0.014,0.003721,0.003721,,,,1.76E+18
47.116026,-88.5501868,-0.009,0.074,0.007225,0.007225,,,,1.76E+18
47.116026,-88.5501868,0.013,0.017,0.005776,0.005776,,,,1.76E+18
47.116026,-88.5501868,0.023,0.053,0.005476,0.005476,,,,1.76E+18
47.1160261,-88.5501868,0.01,0.049,0.006561,0.006561,,,,1.76E+18
47.1160261,-88.5501869,-0.004,0.038,0.006889,0.006889,,,,1.76E+18
47.1160261,-88.5501869,0.022,-0.089,0.008281,0.008281,,,,1.76E+18
47.1160261,-88.5501869,-0.027,-0.009,0.0049,0.0049,,,,1.76E+18
47.1160261,-88.5501869,0.013,0.019,0.003969,0.003969,,,,1.76E+18
47.1160262,-88.5501868,0.055,0.028,0.004096,0.004096,,,,1.76E+18
47.1160262,-88.5501868,-0.027,-0.064,0.006724,0.006724,,,,1.76E+18
47.1160262,-88.5501869,0.023,-0.075,0.007569,0.007569,,,,1.76E+18
47.1160262,-88.5501868,0.023,0.065,0.006889,0.006889,,,,1.76E+18
47.1160262,-88.5501868,-0.054,-0.027,0.005041,0.005041,,,,1.76E+18
47.1160262,-88.5501868,0.021,0.012,0.004761,0.004761,,,,1.76E+18
47.1160262,-88.5501868,-0.003,0.014,0.007921,0.007921,,,,1.76E+18
47.1160262,-88.5501868,0.001,-0.004,0.006561,0.006561,,,,1.76E+18
47.1160262,-88.5501868,0.028,-0.024,0.006724,0.006724,,,,1.76E+18
47.1160261,-88.5501868,-0.003,-0.022,0.007056,0.007056,,,,1.76E+18
47.1160262,-88.5501868,0,0.014,0.0049,0.0049,,,,1.76E+18
47.1160262,-88.5501868,0.011,0.013,0.006084,0.006084,,,,1.76E+18
47.1160261,-88.5501868,0.023,-0.008,0.006084,0.006084,,,,1.76E+18
47.1160261,-88.5501868,0.024,-0.028,0.007396,0.007396,,,,1.76E+18
47.1160262,-88.5501868,-0.024,-0.002,0.005041,0.005041,,,,1.76E+18
47.1160261,-88.5501868,0.006,-0.033,0.007921,0.007921,,,,1.76E+18
47.1160261,-88.5501868,-0.005,-0.055,0.0081,0.0081,,,,1.76E+18
47.116026,-88.5501867,-0.014,-0.055,0.007056,0.007056,,,,1.76E+18
47.116026,-88.5501867,0.032,-0.038,0.005184,0.005184,,,,1.76E+18
47.116026,-88.5501867,0.021,0.042,0.004761,0.004761,,,,1.76E+18
47.1160261,-88.5501867,-0.047,0.074,0.0081,0.0081,,,,1.76E+18
47.1160261,-88.5501868,0.001,0.01,0.003364,0.003364,,,,1.76E+18
47.116026,-88.5501867,0.004,-0.179,0.007396,0.007396,,,,1.76E+18
47.1160257,-88.5501866,0.06,-0.35,0.007225,0.007225,,,,1.76E+18
47.1160256,-88.5501865,0.079,-0.132,0.006561,0.006561,,,,1.76E+18
47.1160255,-88.5501864,0.068,-0.092,0.005776,0.005776,,,,1.76E+18
47.1160253,-88.5501864,0.037,-0.17,0.006561,0.006561,,,,1.76E+18
47.1160252,-88.5501863,0.097,-0.199,0.007396,0.007396,,,,1.76E+18
47.1160251,-88.5501862,0.018,-0.034,0.004761,0.004761,,,,1.76E+18
47.1160251,-88.5501862,0.006,0.008,0.002704,0.002704,,,,1.76E+18
47.1160252,-88.5501863,-0.031,0.042,0.007396,0.007396,,,,1.76E+18
47.1160253,-88.5501864,-0.031,0.086,0.007921,0.007921,,,,1.76E+18
47.1160253,-88.5501864,-0.077,0.082,0.006724,0.006724,,,,1.76E+18
47.1160254,-88.5501864,-0.013,0.134,0.007056,0.007056,,,,1.76E+18
47.1160256,-88.5501865,0.01,0.085,0.007056,0.007056,,,,1.76E+18
47.1160256,-88.5501865,-0.04,0.066,0.006241,0.006241,,,,1.76E+18
47.1160257,-88.5501866,0.024,0.073,0.005476,0.005476,,,,1.76E+18
47.1160257,-88.5501866,0.006,0.027,0.003481,0.003481,,,,1.76E+18
47.1160258,-88.5501867,-0.027,0.044,0.005929,0.005929,,,,1.76E+18
47.1160258,-88.5501867,0.014,-0.021,0.003481,0.003481,,,,1.76E+18
47.1160257,-88.5501867,0.012,-0.005,0.005184,0.005184,,,,1.76E+18
47.1160257,-88.5501868,-0.064,-0.007,0.005041,0.005041,,,,1.76E+18
47.1160258,-88.5501868,0.005,-0.051,0.005776,0.005776,,,,1.76E+18
47.1160257,-88.5501869,-0.058,0.067,0.006561,0.006561,,,,1.76E+18
47.1160257,-88.5501869,-0.034,-0.03,0.003136,0.003136,,,,1.76E+18
47.1160257,-88.5501869,0.011,-0.047,0.007056,0.007056,,,,1.76E+18
47.1160257,-88.5501869,-0.016,0.07,0.005329,0.005329,,,,1.76E+18
47.1160257,-88.5501869,0.001,0.004,0.002601,0.002601,,,,1.76E+18
47.1160258,-88.550187,-0.025,0.034,0.005625,0.005625,,,,1.76E+18
47.1160257,-88.5501868,-0.019,0.024,0.0036,0.0036,,,,1.76E+18
47.1160256,-88.5501868,-0.022,-0.075,0.005625,0.005625,,,,1.76E+18
47.1160257,-88.5501868,0.018,0.063,0.0049,0.0049,,,,1.76E+18
47.1160257,-88.5501867,0.057,0.009,0.004096,0.004096,,,,1.76E+18
47.1160257,-88.5501867,0.024,0.067,0.005184,0.005184,,,,1.76E+18
47.1160257,-88.5501867,0.026,-0.054,0.0049,0.0049,,,,1.76E+18
47.1160256,-88.5501867,-0.029,-0.058,0.0049,0.0049,,,,1.76E+18
47.1160257,-88.5501867,0.001,0.068,0.006084,0.006084,,,,1.76E+18
47.1160257,-88.5501867,0.019,0.014,0.004356,0.004356,,,,1.76E+18
47.1160257,-88.5501866,-0.024,-0.003,0.004489,0.004489,,,,1.76E+18
47.1160257,-88.5501865,-0.003,0.007,0.002916,0.002916,,,,1.76E+18
47.1160258,-88.5501865,0.014,0.022,0.004096,0.004096,,,,1.76E+18
47.1160258,-88.5501866,0.007,-0.02,0.006084,0.006084,,,,1.76E+18
47.1160258,-88.5501865,0.003,0.003,0.005041,0.005041,,,,1.76E+18
47.1160258,-88.5501865,0.002,0.026,0.004096,0.004096,,,,1.76E+18
47.1160258,-88.5501866,-0.045,0.02,0.004225,0.004225,,,,1.76E+18
47.1160258,-88.5501866,0.013,0.023,0.004624,0.004624,,,,1.76E+18
47.1160258,-88.5501865,0.003,-0.007,0.005929,0.005929,,,,1.76E+18
47.1160258,-88.5501866,-0.008,0.018,0.005184,0.005184,,,,1.76E+18
47.1160258,-88.5501865,0.019,-0.02,0.005041,0.005041,,,,1.76E+18
47.1160258,-88.5501866,0.024,-0.016,0.004225,0.004225,,,,1.76E+18
47.1160258,-88.5501866,0.032,-0.005,0.002916,0.002916,,,,1.76E+18
47.1160257,-88.5501866,0.013,-0.037,0.005329,0.005329,,,,1.76E+18
47.1160257,-88.5501866,0.037,0.043,0.004489,0.004489,,,,1.76E+18
47.1160258,-88.5501866,0.021,0,0.003136,0.003136,,,,1.76E+18
47.1160257,-88.5501866,-0.021,-0.065,0.005476,0.005476,,,,1.76E+18
47.1160258,-88.5501866,0.042,0.044,0.004225,0.004225,,,,1.76E+18
47.1160258,-88.5501866,-0.068,-0.03,0.004225,0.004225,,,,1.76E+18
47.1160257,-88.5501868,-0.04,0.038,0.006084,0.006084,,,,1.76E+18
47.1160256,-88.5501868,0.006,0.023,0.002809,0.002809,,,,1.76E+18
47.1160257,-88.5501869,0.017,-0.055,0.005929,0.005929,,,,1.76E+18
47.1160257,-88.5501869,0.042,0.046,0.0036,0.0036,,,,1.76E+18
47.1160257,-88.5501867,0.021,0.004,0.003721,0.003721,,,,1.76E+18
47.1160257,-88.5501867,0.038,-0.049,0.005625,0.005625,,,,1.76E+18
47.1160257,-88.5501867,0.044,-0.023,0.004356,0.004356,,,,1.76E+18
47.1160257,-88.5501867,0.025,-0.013,0.004624,0.004624,,,,1.76E+18
47.1160257,-88.5501867,-0.017,-0.01,0.002601,0.002601,,,,1.76E+18
47.1160257,-88.5501866,0.044,0.013,0.003481,0.003481,,,,1.76E+18
47.1160257,-88.5501865,-0.009,-0.002,0.002401,0.002401,,,,1.76E+18
47.1160257,-88.5501866,0.002,-0.01,0.002809,0.002809,,,,1.76E+18
47.1160257,-88.5501866,0.008,-0.012,0.004096,0.004096,,,,1.76E+18
47.1160257,-88.5501866,0.007,0.001,0.0049,0.0049,,,,1.76E+18
47.1160257,-88.5501866,-0.01,0.022,0.006561,0.006561,,,,1.76E+18
47.1160257,-88.5501866,0.001,0.005,0.003721,0.003721,,,,1.76E+18
47.1160257,-88.5501867,0.025,0.032,0.003969,0.003969,,,,1.76E+18
47.1160257,-88.5501867,-0.024,-0.024,0.003969,0.003969,,,,1.76E+18
47.1160257,-88.5501868,0.001,0.011,0.003844,0.003844,,,,1.76E+18
47.1160258,-88.5501868,-0.055,0.044,0.006241,0.006241,,,,1.76E+18
47.1160258,-88.5501869,0.007,-0.034,0.004624,0.004624,,,,1.76E+18
47.1160258,-88.5501869,-0.016,0.019,0.005625,0.005625,,,,1.76E+18
47.1160258,-88.5501869,0.02,0.013,0.002704,0.002704,,,,1.76E+18
47.1160258,-88.5501869,-0.022,-0.012,0.003025,0.003025,,,,1.76E+18
47.1160258,-88.5501868,0.04,-0.016,0.004489,0.004489,,,,1.76E+18
47.1160258,-88.5501869,0.003,0.004,0.003364,0.003364,,,,1.76E+18
47.1160258,-88.5501869,-0.003,0.008,0.004096,0.004096,,,,1.76E+18
47.1160258,-88.5501868,0.003,0.008,0.004225,0.004225,,,,1.76E+18
47.1160258,-88.5501868,0.003,0.006,0.003249,0.003249,,,,1.76E+18
47.1160258,-88.5501867,0.02,-0.036,0.006241,0.006241,,,,1.76E+18
47.1160258,-88.5501867,0.033,0.018,0.003249,0.003249,,,,1.76E+18
47.1160259,-88.5501867,-0.027,-0.014,0.002704,0.002704,,,,1.76E+18
47.1160259,-88.5501867,-0.008,-0.013,0.003844,0.003844,,,,1.76E+18
47.1160258,-88.5501867,0,-0.002,0.003481,0.003481,,,,1.76E+18
47.1160259,-88.5501868,0.003,0.006,0.003249,0.003249,,,,1.76E+18
47.1160258,-88.5501867,-0.014,0.01,0.005476,0.005476,,,,1.76E+18
47.1160258,-88.5501867,-0.004,0.014,0.0064,0.0064,,,,1.76E+18
47.1160258,-88.5501867,-0.01,-0.003,0.002209,0.002209,,,,1.76E+18
47.1160258,-88.5501867,0.021,-0.04,0.006241,0.006241,,,,1.76E+18
47.1160258,-88.5501867,-0.004,-0.033,0.005776,0.005776,,,,1.76E+18
47.1160258,-88.5501867,0.012,-0.012,0.003481,0.003481,,,,1.76E+18
47.1160258,-88.5501866,-0.031,0.017,0.005041,0.005041,,,,1.76E+18
47.1160258,-88.5501866,0.022,-0.004,0.004096,0.004096,,,,1.76E+18
47.1160258,-88.5501867,0.007,0.007,0.003249,0.003249,,,,1.76E+18
47.1160258,-88.5501867,0.007,-0.001,0.003721,0.003721,,,,1.76E+18
47.1160258,-88.5501867,-0.004,0.016,0.006241,0.006241,,,,1.76E+18
47.1160259,-88.5501867,0.003,-0.029,0.006084,0.006084,,,,1.76E+18
47.1160258,-88.5501867,-0.001,0.02,0.006084,0.006084,,,,1.76E+18
47.1160258,-88.5501866,-0.02,-0.007,0.003136,0.003136,,,,1.76E+18
47.1160259,-88.5501866,0.023,0.006,0.003481,0.003481,,,,1.76E+18
47.1160259,-88.5501866,0.013,-0.007,0.003969,0.003969,,,,1.76E+18
47.1160259,-88.5501866,-0.007,0.017,0.005625,0.005625,,,,1.76E+18
47.1160258,-88.5501866,0.021,0.013,0.003969,0.003969,,,,1.76E+18
47.1160258,-88.5501867,-0.009,-0.017,0.004356,0.004356,,,,1.76E+18
47.1160258,-88.5501867,0.001,-0.002,0.003136,0.003136,,,,1.76E+18
47.1160258,-88.5501867,0.02,-0.006,0.003721,0.003721,,,,1.76E+18
47.1160258,-88.5501866,0.033,-0.034,0.0049,0.0049,,,,1.76E+18
47.1160258,-88.5501866,-0.005,-0.018,0.004225,0.004225,,,,1.76E+18
47.1160258,-88.5501866,0.002,0.015,0.004096,0.004096,,,,1.76E+18
47.1160258,-88.5501866,0.008,-0.051,0.005041,0.005041,,,,1.76E+18
47.1160258,-88.5501866,-0.006,-0.01,0.003136,0.003136,,,,1.76E+18
47.1160258,-88.5501866,0.011,-0.025,0.005184,0.005184,,,,1.76E+18
47.1160258,-88.5501866,0.004,-0.027,0.005329,0.005329,,,,1.76E+18
47.1160258,-88.5501866,0.008,-0.013,0.003721,0.003721,,,,1.76E+18
47.1160258,-88.5501866,-0.009,0.042,0.005329,0.005329,,,,1.76E+18
47.1160258,-88.5501866,0.007,-0.036,0.005476,0.005476,,,,1.76E+18
47.1160258,-88.5501866,-0.002,-0.001,0.003844,0.003844,,,,1.76E+18
47.1160258,-88.5501866,-0.01,0.015,0.005041,0.005041,,,,1.76E+18
47.1160258,-88.5501866,0.005,0.006,0.003721,0.003721,,,,1.76E+18
47.1160258,-88.5501866,0.001,-0.012,0.003969,0.003969,,,,1.76E+18
47.1160258,-88.5501866,-0.006,0.034,0.005625,0.005625,,,,1.76E+18
47.1160258,-88.5501866,0.021,0.02,0.003721,0.003721,,,,1.76E+18
47.1160258,-88.5501867,-0.037,-0.013,0.002809,0.002809,,,,1.76E+18
47.1160258,-88.5501867,-0.013,0.017,0.003249,0.003249,,,,1.76E+18
47.1160258,-88.5501867,0.008,-0.016,0.003969,0.003969,,,,1.76E+18
47.1160258,-88.5501867,-0.012,0.003,0.002916,0.002916,,,,1.76E+18
47.1160258,-88.5501867,0.006,-0.027,0.005476,0.005476,,,,1.76E+18
47.1160258,-88.5501867,0.013,-0.008,0.003844,0.003844,,,,1.76E+18
47.1160257,-88.5501867,-0.009,-0.025,0.003969,0.003969,,,,1.76E+18
47.1160258,-88.5501867,0.006,-0.014,0.003844,0.003844,,,,1.76E+18
47.1160258,-88.5501867,0.011,-0.004,0.002704,0.002704,,,,1.76E+18
47.1160258,-88.5501867,-0.01,0.03,0.005625,0.005625,,,,1.76E+18
47.1160258,-88.5501867,0.015,-0.008,0.004225,0.004225,,,,1.76E+18
47.1160258,-88.5501867,0.001,0,0.005329,0.005329,,,,1.76E+18
47.1160258,-88.5501867,-0.002,0.002,0.005476,0.005476,,,,1.76E+18
47.1160258,-88.5501867,-0.005,0.004,0.003249,0.003249,,,,1.76E+18
47.1160258,-88.5501867,0.014,-0.006,0.003721,0.003721,,,,1.76E+18
47.1160258,-88.5501867,-0.007,0.013,0.005184,0.005184,,,,1.76E+18
47.1160258,-88.5501867,0.009,-0.021,0.005476,0.005476,,,,1.76E+18
47.1160258,-88.5501867,-0.018,0.032,0.005329,0.005329,,,,1.76E+18
47.1160258,-88.5501867,0.014,-0.001,0.004096,0.004096,,,,1.76E+18
47.1160258,-88.5501867,-0.001,0.016,0.005625,0.005625,,,,1.76E+18
47.1160257,-88.5501867,-0.013,-0.017,0.003844,0.003844,,,,1.76E+18
47.1160257,-88.5501866,0.022,0.005,0.002601,0.002601,,,,1.76E+18
47.1160258,-88.5501867,0,0.005,0.003364,0.003364,,,,1.76E+18
47.1160257,-88.5501867,-0.012,-0.003,0.0025,0.0025,,,,1.76E+18
47.1160257,-88.5501866,0.031,-0.016,0.004489,0.004489,,,,1.76E+18
47.1160257,-88.5501867,-0.011,0.001,0.002809,0.002809,,,,1.76E+18
47.1160257,-88.5501867,0.013,-0.018,0.005329,0.005329,,,,1.76E+18
47.1160257,-88.5501867,0.007,-0.005,0.003844,0.003844,,,,1.76E+18
47.1160257,-88.5501866,-0.015,-0.001,0.0025,0.0025,,,,1.76E+18
47.1160258,-88.5501867,-0.004,-0.02,0.003844,0.003844,,,,1.76E+18
47.1160258,-88.5501867,-0.001,0.013,0.0049,0.0049,,,,1.76E+18
47.1160258,-88.5501867,-0.001,-0.007,0.005184,0.005184,,,,1.76E+18
47.1160258,-88.5501867,0.007,-0.016,0.005776,0.005776,,,,1.76E+18
47.1160258,-88.5501867,0.007,-0.005,0.0049,0.0049,,,,1.76E+18
47.1160258,-88.5501867,0.003,0.005,0.003969,0.003969,,,,1.76E+18
47.1160258,-88.5501866,0.002,-0.033,0.005625,0.005625,,,,1.76E+18
47.1160258,-88.5501866,-0.01,-0.035,0.004489,0.004489,,,,1.76E+18
47.1160258,-88.5501866,-0.003,0.004,0.004225,0.004225,,,,1.76E+18
47.1160257,-88.5501866,-0.002,-0.006,0.004624,0.004624,,,,1.76E+18
47.1160258,-88.5501866,-0.004,-0.001,0.004096,0.004096,,,,1.76E+18
47.1160258,-88.5501866,0.007,-0.01,0.005184,0.005184,,,,1.76E+18
47.1160258,-88.5501866,-0.012,0.026,0.005776,0.005776,,,,1.76E+18
47.1160258,-88.5501866,0.016,0.004,0.002809,0.002809,,,,1.76E+18
47.1160258,-88.5501866,0.019,-0.004,0.004225,0.004225,,,,1.76E+18
47.1160258,-88.5501866,-0.004,-0.011,0.004225,0.004225,,,,1.76E+18
47.1160258,-88.5501866,0.016,0.011,0.003025,0.003025,,,,1.76E+18
47.1160258,-88.5501866,-0.001,-0.039,0.004761,0.004761,,,,1.76E+18
47.1160258,-88.5501866,-0.007,0.017,0.006241,0.006241,,,,1.76E+18
47.1160258,-88.5501867,-0.003,-0.019,0.005041,0.005041,,,,1.76E+18
47.1160258,-88.5501867,0.007,-0.009,0.003364,0.003364,,,,1.76E+18
47.1160258,-88.5501867,0.009,-0.009,0.003249,0.003249,,,,1.76E+18
47.1160258,-88.5501867,-0.005,0,0.004356,0.004356,,,,1.76E+18
47.1160258,-88.5501867,0.011,-0.004,0.004225,0.004225,,,,1.76E+18
47.1160258,-88.5501867,0.007,0.016,0.004225,0.004225,,,,1.76E+18
47.1160258,-88.5501867,-0.007,0.04,0.005776,0.005776,,,,1.76E+18
47.1160258,-88.5501866,-0.002,0.007,0.003969,0.003969,,,,1.76E+18
47.1160258,-88.5501867,0.002,-0.01,0.0049,0.0049,,,,1.76E+18
47.1160258,-88.5501867,0.009,0.008,0.003364,0.003364,,,,1.76E+18
47.1160258,-88.5501867,0.001,0.007,0.003136,0.003136,,,,1.76E+18
47.1160258,-88.5501866,0.01,0.023,0.004624,0.004624,,,,1.76E+18
47.1160258,-88.5501867,0.009,0.006,0.002916,0.002916,,,,1.76E+18
47.1160258,-88.5501867,0.006,-0.02,0.005329,0.005329,,,,1.76E+18
47.1160258,-88.5501867,0.01,-0.004,0.003721,0.003721,,,,1.76E+18
47.1160258,-88.5501867,0.003,-0.011,0.004096,0.004096,,,,1.76E+18
47.1160258,-88.5501867,-0.007,-0.012,0.003969,0.003969,,,,1.76E+18
47.1160258,-88.5501867,0.018,-0.009,0.003481,0.003481,,,,1.76E+18
47.1160258,-88.5501867,-0.019,0.033,0.004761,0.004761,,,,1.76E+18
47.1160258,-88.5501867,0.011,0.025,0.004489,0.004489,,,,1.76E+18
47.1160258,-88.5501867,0.016,-0.019,0.005329,0.005329,,,,1.76E+18
47.1160258,-88.5501867,0.003,0.003,0.003844,0.003844,,,,1.76E+18
47.1160258,-88.5501867,-0.014,0.005,0.003721,0.003721,,,,1.76E+18